,Promedio1,DesviacionEstandar1,Media1,Minimo1,Maximo1,Promedio2,DesviacionEstandar2,Media2,Minimo2,Maximo2,Promedio3,DesviacionEstandar3,Media3,Minimo3,Maximo3,Promedio4,DesviacionEstandar4,Media4,Minimo4,Maximo4,Promedio5,DesviacionEstandar5,Media5,Minimo5,Maximo5,Promedio6,DesviacionEstandar6,Media6,Minimo6,Maximo6,Promedio7,DesviacionEstandar7,Media7,Minimo7,Maximo7,Promedio8,DesviacionEstandar8,Media8,Minimo8,Maximo8,Promedio9,DesviacionEstandar9,Media9,Minimo9,Maximo9,Promedio10,DesviacionEstandar10,Media10,Minimo10,Maximo10,Promedio11,DesviacionEstandar11,Media11,Minimo11,Maximo11,Promedio12,DesviacionEstandar12,Media12,Minimo12,Maximo12,Emocion
0,0.0,58.38,12.06,-157.29,95.76,0.0,78.45,3.38,-156.64,165.93,0.0,100.74,-22.82,-176.63,354.7,0.0,107.45,-8.21,-241.31,257.84,0.0,129.61,3.93,-366.17,230.47,0.0,144.67,-34.52,-255.78,347.22,0.0,152.32,-15.64,-323.81,399.42,0.0,153.08,8.98,-359.05,335.36,0.0,140.66,-8.48,-422.58,397.49,0.0,145.29,-0.48,-383.21,420.76,0.0,133.68,20.87,-360.74,260.29,0.0,183.25,-32.45,-320.02,475.22,01
1,0.0,65.47,17.71,-186.19,88.95,0.0,93.56,22.82,-258.94,161.1,0.0,131.91,-6.65,-290.51,388.78,0.0,99.94,4.24,-276.33,259.14,0.0,121.12,6.86,-358.96,311.03,0.0,139.8,6.3,-291.5,286.29,0.0,154.3,-0.05,-408.57,385.97,0.0,155.03,21.2,-391.08,345.08,0.0,151.41,6.45,-335.85,435.19,0.0,117.58,8.02,-249.92,342.32,0.0,120.45,2.42,-336.43,296.61,0.0,149.89,-24.57,-348.71,481.89,02
2,0.0,63.8,18.19,-204.58,72.93,0.0,77.44,18.51,-215.0,153.3,0.0,113.02,-4.27,-236.76,452.22,0.0,108.27,6.4,-288.02,292.15,0.0,143.27,12.77,-335.75,274.38,0.0,143.81,-3.3,-323.83,386.96,0.0,173.43,9.91,-315.66,469.72,0.0,136.79,-21.28,-294.41,423.05,0.0,138.03,-10.44,-310.2,409.79,0.0,167.8,-12.01,-316.66,447.71,0.0,131.9,2.67,-397.56,246.6,0.0,173.25,-4.95,-491.5,492.95,03
3,0.0,50.61,11.09,-121.0,89.22,0.0,67.24,9.69,-167.48,154.74,0.0,93.69,2.96,-242.34,265.53,0.0,67.35,12.38,-199.27,161.84,0.0,144.2,-8.3,-346.59,325.13,0.0,151.04,-5.79,-454.25,370.55,0.0,132.86,-0.47,-373.96,398.11,0.0,164.76,21.43,-374.93,317.63,0.0,142.08,6.57,-281.4,379.14,0.0,107.07,3.87,-304.33,245.43,0.0,125.91,-1.13,-277.5,295.66,0.0,169.52,-13.72,-493.67,433.36,04
4,0.0,65.65,21.23,-153.02,93.25,0.0,94.22,-12.82,-205.97,206.47,0.0,135.82,-19.61,-234.83,318.66,0.0,121.04,-13.34,-261.15,247.6,0.0,137.27,-17.29,-267.58,320.24,0.0,188.81,-14.85,-396.31,459.75,0.0,157.15,23.73,-548.64,296.57,0.0,189.72,10.07,-506.93,411.32,0.0,164.01,-7.13,-421.24,599.12,0.0,126.8,9.17,-383.06,303.18,0.0,139.42,0.89,-421.41,392.58,0.0,126.24,12.44,-331.57,285.53,05
5,0.0,72.23,28.11,-193.0,96.06,0.0,81.73,-2.15,-188.45,175.68,0.0,104.4,5.89,-200.25,271.03,0.0,95.87,6.07,-223.42,201.69,0.0,140.32,-1.82,-260.74,258.83,0.0,135.34,-3.77,-299.47,342.53,0.0,135.98,3.92,-297.29,267.49,0.0,145.81,-9.84,-432.05,340.83,0.0,132.71,-17.23,-339.95,414.77,0.0,160.19,-2.59,-367.6,308.8,0.0,118.87,-12.17,-240.2,395.61,0.0,148.38,2.81,-342.49,434.91,06
6,0.0,61.2,15.13,-173.85,89.8,0.0,113.56,40.05,-283.68,168.43,0.0,95.8,2.75,-200.46,267.28,0.0,127.42,-12.31,-280.67,386.88,0.0,154.1,9.11,-444.88,393.33,0.0,127.46,11.27,-294.05,245.48,0.0,145.71,1.0,-328.67,377.96,0.0,174.33,21.94,-483.2,332.17,0.0,131.71,0.61,-379.21,322.71,0.0,114.58,-1.95,-235.56,324.14,0.0,135.79,-9.34,-415.91,257.56,0.0,152.31,4.21,-303.72,384.0,07
7,0.0,54.78,10.94,-191.18,81.63,0.0,75.3,-4.13,-183.29,140.27,0.0,103.94,-12.12,-240.38,365.56,0.0,124.02,-2.2,-287.56,265.79,0.0,139.42,14.62,-355.07,273.02,0.0,127.08,4.33,-336.23,251.39,0.0,138.45,-6.04,-446.86,341.31,0.0,142.97,1.52,-318.53,363.61,0.0,125.8,-9.21,-342.13,349.17,0.0,150.99,-17.97,-408.07,305.21,0.0,111.37,-5.28,-287.32,334.17,0.0,133.74,1.05,-296.57,335.84,08
8,0.0,54.65,19.84,-193.69,68.02,0.0,87.9,-6.55,-209.59,207.72,0.0,138.77,25.32,-271.85,290.11,0.0,110.66,-12.67,-242.05,262.43,0.0,98.53,11.85,-311.44,226.24,0.0,139.18,11.38,-419.27,276.36,0.0,140.84,-15.85,-317.8,363.75,0.0,142.69,13.92,-337.02,407.97,0.0,131.3,7.84,-297.8,308.06,0.0,169.19,-5.06,-401.71,469.11,0.0,165.88,6.72,-398.26,356.76,0.0,125.61,1.59,-286.73,249.54,01
9,0.0,64.6,29.24,-206.71,76.3,0.0,98.35,-7.66,-183.77,260.92,0.0,155.62,5.4,-379.98,317.83,0.0,98.56,14.59,-344.19,215.31,0.0,108.67,5.73,-320.7,236.15,0.0,142.92,-2.82,-483.78,273.25,0.0,192.6,-9.95,-426.34,504.11,0.0,128.63,3.13,-482.29,323.86,0.0,154.42,15.63,-439.85,398.5,0.0,157.31,-17.86,-428.07,509.79,0.0,174.32,14.02,-368.02,399.27,0.0,130.12,1.81,-286.37,331.95,02
10,0.0,55.89,15.47,-188.09,82.93,0.0,93.62,-19.47,-155.68,270.54,0.0,113.38,2.83,-248.97,280.09,0.0,109.07,3.9,-330.65,235.62,0.0,115.89,-6.26,-275.25,302.93,0.0,144.73,-5.21,-346.52,359.62,0.0,200.89,-40.04,-371.88,455.14,0.0,155.21,2.11,-343.84,370.26,0.0,138.82,8.35,-352.23,334.33,0.0,149.03,4.96,-373.23,370.23,0.0,163.49,4.46,-466.95,307.17,0.0,128.44,3.39,-282.51,294.64,03
11,0.0,39.76,13.53,-147.93,46.39,0.0,69.59,7.04,-205.85,152.39,0.0,98.48,5.7,-220.97,223.73,0.0,124.56,-9.39,-260.82,335.09,0.0,117.22,5.84,-270.0,293.97,0.0,126.82,28.66,-375.65,264.19,0.0,156.2,-8.19,-328.18,463.9,0.0,139.84,-17.09,-341.41,306.41,0.0,137.68,24.79,-297.65,317.15,0.0,123.33,2.95,-453.49,261.46,0.0,166.92,-9.24,-394.45,405.69,0.0,128.1,-0.66,-326.61,391.09,04
12,0.0,58.54,26.95,-158.42,73.54,0.0,86.42,1.24,-245.92,226.44,0.0,124.28,5.23,-243.49,256.49,0.0,138.05,2.65,-362.41,353.09,0.0,95.88,20.35,-222.93,245.2,0.0,152.0,7.32,-353.09,323.21,0.0,166.94,-50.33,-251.23,456.72,0.0,210.53,-19.97,-388.63,558.83,0.0,153.55,7.78,-576.84,323.53,0.0,166.95,-18.06,-369.39,443.79,0.0,198.15,-18.05,-488.39,411.85,0.0,155.41,-12.25,-354.61,302.84,05
13,0.0,66.18,19.65,-189.76,82.39,0.0,83.9,-0.41,-226.7,174.16,0.0,113.76,1.31,-295.68,333.71,0.0,120.57,-5.36,-407.83,318.13,0.0,118.67,-8.97,-323.39,307.2,0.0,173.47,25.59,-437.38,315.34,0.0,154.19,-0.42,-351.18,299.51,0.0,163.12,6.79,-473.33,403.04,0.0,133.38,2.49,-479.81,276.16,0.0,150.68,2.36,-400.36,318.81,0.0,147.1,6.93,-415.13,274.52,0.0,166.42,-4.52,-354.15,406.8,06
14,0.0,59.4,19.72,-186.6,81.16,0.0,100.63,-12.24,-255.65,187.92,0.0,111.91,3.76,-343.89,313.24,0.0,131.03,1.16,-313.19,328.74,0.0,132.49,-0.04,-301.47,296.71,0.0,151.62,-0.73,-358.92,288.48,0.0,205.12,-43.71,-389.46,520.27,0.0,140.91,-9.91,-277.86,350.54,0.0,144.31,10.4,-402.8,327.88,0.0,147.89,-14.47,-378.63,424.9,0.0,187.76,3.69,-396.89,366.61,0.0,128.99,-1.27,-368.59,369.38,07
15,0.0,61.4,21.0,-176.18,87.59,0.0,96.62,21.19,-258.07,148.84,0.0,137.79,-21.72,-281.04,338.6,0.0,121.24,-1.21,-321.67,260.94,0.0,116.75,-1.93,-259.55,271.04,0.0,160.83,34.71,-485.89,315.78,0.0,177.91,-28.18,-426.6,416.16,0.0,174.66,-27.43,-375.72,499.81,0.0,134.62,-3.82,-415.9,379.24,0.0,172.21,-9.53,-373.67,353.96,0.0,173.95,3.6,-444.58,460.26,0.0,164.73,-12.81,-331.8,447.99,08
16,0.0,63.37,20.02,-200.43,86.97,0.0,72.06,2.63,-162.16,167.29,0.0,112.62,-12.28,-183.48,361.7,0.0,127.11,-23.02,-192.73,289.46,0.0,154.16,16.24,-459.0,316.48,0.0,121.51,12.07,-372.95,325.65,0.0,157.48,5.41,-389.53,322.86,0.0,164.58,0.94,-344.86,358.34,0.0,130.31,-2.97,-259.8,284.79,0.0,142.49,-6.84,-343.92,380.89,0.0,148.51,-7.01,-482.26,340.05,0.0,165.04,8.53,-414.96,323.36,01
17,0.0,47.57,11.21,-139.66,82.62,0.0,80.07,2.39,-196.63,141.09,0.0,78.77,-8.04,-214.65,183.69,0.0,144.64,10.52,-423.2,254.12,0.0,135.83,11.52,-263.4,243.1,0.0,121.1,22.46,-311.61,272.01,0.0,190.03,0.98,-431.81,406.43,0.0,154.16,7.46,-410.66,362.28,0.0,128.64,-0.99,-288.97,265.43,0.0,149.21,-23.78,-301.66,442.68,0.0,146.94,-6.68,-365.91,318.56,0.0,150.2,16.29,-329.27,376.99,02
18,0.0,68.42,25.22,-235.08,77.09,0.0,74.18,-3.41,-178.56,211.81,0.0,124.31,-12.15,-237.23,401.13,0.0,162.29,1.89,-323.32,374.29,0.0,175.0,24.09,-388.58,370.27,0.0,135.05,-7.38,-417.55,340.36,0.0,149.4,16.08,-499.99,334.19,0.0,132.15,-1.47,-415.83,328.12,0.0,142.09,-14.63,-321.62,334.83,0.0,151.05,-9.2,-439.5,370.52,0.0,124.95,-9.26,-265.23,312.15,0.0,159.7,7.28,-367.66,365.74,03
19,0.0,49.81,9.45,-142.57,77.6,0.0,83.06,15.4,-184.37,143.21,0.0,74.06,3.9,-160.05,202.33,0.0,144.26,-0.54,-301.81,247.31,0.0,137.92,12.57,-358.59,310.79,0.0,123.01,-4.99,-282.92,269.97,0.0,168.25,10.63,-414.4,345.4,0.0,157.5,17.21,-343.14,279.76,0.0,121.33,15.99,-307.85,315.57,0.0,178.27,-0.76,-408.18,361.4,0.0,113.78,-3.35,-270.58,287.99,0.0,139.03,8.32,-346.53,299.53,04
20,0.0,44.68,11.6,-137.5,83.49,0.0,86.82,13.16,-213.56,162.01,0.0,85.95,-3.37,-199.17,210.62,0.0,130.32,13.84,-264.09,243.62,0.0,131.26,19.08,-271.92,263.43,0.0,148.31,26.12,-332.45,326.2,0.0,205.06,-29.69,-449.92,672.86,0.0,163.34,-16.26,-486.55,492.54,0.0,137.04,12.9,-336.63,364.84,0.0,174.9,-1.15,-604.15,508.35,0.0,126.41,-6.43,-329.47,330.24,0.0,149.63,-4.93,-350.31,362.06,05
21,0.0,57.62,14.76,-150.66,96.16,0.0,70.56,6.32,-158.55,127.45,0.0,86.89,9.07,-223.2,175.74,0.0,128.15,-18.69,-233.06,275.82,0.0,132.59,13.74,-270.83,302.88,0.0,126.64,-2.96,-365.06,276.27,0.0,113.32,-11.6,-286.45,364.57,0.0,162.44,3.14,-435.92,402.14,0.0,137.93,5.88,-332.25,290.91,0.0,155.59,-1.93,-322.36,362.16,0.0,134.8,1.83,-356.92,224.59,0.0,191.84,29.92,-456.38,463.98,06
22,0.0,63.92,16.78,-162.09,105.37,0.0,98.62,-6.6,-188.64,216.23,0.0,95.82,-9.65,-221.47,266.13,0.0,136.91,24.41,-353.47,231.73,0.0,133.98,1.03,-359.12,421.75,0.0,175.54,13.96,-395.81,374.44,0.0,143.03,6.02,-482.82,283.81,0.0,145.16,13.2,-371.37,325.87,0.0,152.22,-16.35,-466.1,372.19,0.0,124.04,-0.84,-315.97,277.26,0.0,120.31,18.08,-299.65,410.84,0.0,119.17,3.17,-279.27,468.82,07
23,0.0,55.88,16.64,-202.7,80.4,0.0,58.21,0.01,-149.91,144.62,0.0,123.31,-3.62,-210.05,434.87,0.0,130.27,-20.57,-240.28,425.46,0.0,134.96,-12.17,-290.6,289.92,0.0,142.03,2.52,-441.13,356.61,0.0,135.35,3.66,-415.72,327.2,0.0,132.99,-10.61,-273.86,358.33,0.0,129.12,8.87,-438.96,245.54,0.0,147.63,-10.15,-469.24,344.37,0.0,114.47,-4.26,-327.41,252.86,0.0,142.9,6.8,-378.83,398.82,08
24,0.0,54.07,11.6,-183.14,68.84,0.0,107.46,12.18,-214.62,225.64,0.0,139.09,16.02,-279.78,380.85,0.0,108.18,-5.96,-325.4,258.28,0.0,107.0,-14.25,-273.94,277.9,0.0,172.73,-14.94,-585.98,411.72,0.0,170.82,-31.38,-311.8,514.53,0.0,154.46,-0.73,-333.9,304.48,0.0,134.19,4.46,-322.2,396.09,0.0,129.2,-8.36,-427.23,387.45,0.0,132.91,1.34,-257.24,398.68,0.0,124.61,-3.76,-383.32,276.3,01
25,0.0,57.96,19.82,-151.89,72.99,0.0,113.56,5.75,-262.16,210.29,0.0,115.97,-5.25,-237.5,326.35,0.0,103.33,-6.74,-320.66,218.26,0.0,98.4,-6.09,-205.55,265.17,0.0,157.51,9.23,-435.29,383.03,0.0,172.5,-2.65,-420.32,358.51,0.0,144.65,17.73,-608.52,328.91,0.0,145.6,2.59,-402.54,270.12,0.0,130.38,-7.26,-350.9,398.71,0.0,128.94,-20.43,-300.28,447.19,0.0,126.58,16.82,-301.56,277.48,02
26,0.0,61.45,20.77,-184.33,78.31,0.0,106.18,1.11,-187.98,209.1,0.0,128.66,-7.39,-242.98,368.4,0.0,86.14,4.58,-203.59,186.4,0.0,103.21,-10.84,-215.44,272.92,0.0,162.23,3.39,-393.89,350.9,0.0,172.09,-8.63,-371.09,394.15,0.0,137.96,8.57,-286.0,347.06,0.0,158.56,-26.81,-397.81,367.96,0.0,146.36,11.7,-311.26,356.83,0.0,156.64,-0.3,-294.28,435.38,0.0,125.29,1.33,-334.27,346.54,03
27,0.0,58.4,23.74,-185.54,89.16,0.0,107.73,11.98,-245.92,204.24,0.0,125.06,-3.5,-284.58,407.93,0.0,90.34,-0.66,-234.05,197.37,0.0,112.45,-5.58,-242.14,256.69,0.0,146.8,10.38,-437.04,334.52,0.0,170.02,-20.7,-402.26,472.98,0.0,173.71,9.94,-394.58,391.03,0.0,135.28,2.27,-369.47,323.44,0.0,128.76,5.65,-456.01,369.66,0.0,160.02,6.61,-488.99,372.15,0.0,134.14,12.36,-296.74,345.67,04
28,0.0,70.86,30.23,-170.35,84.65,0.0,101.49,-21.75,-232.88,259.49,0.0,130.27,-1.47,-344.79,372.21,0.0,108.62,9.29,-228.65,266.98,0.0,127.2,0.71,-274.34,352.1,0.0,145.83,11.5,-354.19,284.28,0.0,183.5,-19.37,-413.89,409.66,0.0,130.79,19.14,-335.92,312.0,0.0,128.56,20.95,-415.34,284.38,0.0,138.02,7.95,-347.23,303.08,0.0,155.86,-2.15,-333.2,323.39,0.0,118.8,2.84,-314.89,272.6,05
29,0.0,76.2,23.94,-225.68,94.76,0.0,88.94,0.92,-210.26,193.29,0.0,136.82,12.95,-295.56,375.35,0.0,120.26,-9.77,-256.59,332.01,0.0,137.18,9.08,-329.2,348.88,0.0,147.07,3.75,-376.63,298.19,0.0,147.6,-12.13,-370.69,421.85,0.0,151.36,29.6,-382.15,319.49,0.0,151.77,28.27,-370.54,295.87,0.0,117.52,-7.28,-227.56,317.95,0.0,138.38,-17.66,-266.44,375.56,0.0,122.18,9.09,-325.19,361.97,06
30,0.0,70.74,22.06,-166.15,101.76,0.0,99.85,17.08,-273.95,215.45,0.0,101.87,4.77,-236.51,286.65,0.0,125.5,8.93,-324.88,227.15,0.0,101.32,-5.27,-248.4,264.65,0.0,155.74,11.66,-422.68,357.86,0.0,167.94,4.23,-360.38,382.35,0.0,138.96,17.67,-478.16,229.07,0.0,127.13,-14.93,-237.66,302.16,0.0,111.22,-21.7,-339.77,282.68,0.0,137.54,2.64,-420.63,341.64,0.0,115.49,-0.5,-243.86,309.56,07
31,0.0,90.59,1.53,-150.9,137.93,0.0,88.3,14.24,-188.13,219.24,0.0,127.48,16.91,-320.29,270.34,0.0,108.3,5.15,-418.36,205.15,0.0,104.41,4.79,-302.87,214.41,0.0,184.9,33.57,-523.75,359.79,0.0,122.43,-0.4,-279.22,262.06,0.0,158.76,38.45,-394.45,387.56,0.0,160.97,12.38,-627.61,272.5,0.0,148.94,41.79,-475.61,355.28,0.0,147.34,-12.3,-350.19,342.03,0.0,157.06,39.2,-396.28,336.06,08
32,0.0,57.6,16.53,-147.62,81.69,0.0,94.4,6.08,-202.07,180.41,0.0,114.99,1.94,-257.02,377.61,0.0,114.72,-1.86,-247.07,258.03,0.0,156.02,-10.19,-346.33,460.06,0.0,140.44,1.17,-273.62,265.56,0.0,180.11,0.78,-530.08,601.83,0.0,129.35,-5.74,-311.5,371.33,0.0,150.42,18.13,-454.75,342.77,0.0,155.92,-7.23,-355.01,399.6,0.0,160.4,27.48,-517.39,303.04,0.0,145.02,-15.09,-465.11,335.02,01
33,0.0,48.79,5.35,-116.51,70.82,0.0,113.19,16.82,-264.19,211.55,0.0,84.21,8.19,-195.38,193.24,0.0,106.19,10.59,-233.46,255.96,0.0,147.3,39.63,-411.85,241.24,0.0,150.58,1.35,-435.69,367.28,0.0,193.29,8.91,-581.73,382.14,0.0,145.37,-6.39,-362.94,347.42,0.0,148.48,-30.29,-266.04,452.49,0.0,120.82,-14.11,-353.42,335.69,0.0,167.06,-5.64,-356.8,354.58,0.0,143.94,-19.5,-345.63,433.15,02
34,0.0,59.79,21.64,-127.83,98.17,0.0,89.74,4.07,-192.82,187.08,0.0,105.46,1.24,-221.67,270.72,0.0,136.95,-2.39,-291.97,342.86,0.0,138.24,20.7,-360.27,281.39,0.0,172.73,-9.83,-302.4,398.76,0.0,236.62,40.05,-558.73,471.11,0.0,188.67,-8.52,-530.66,377.83,0.0,174.82,15.73,-401.76,483.43,0.0,136.44,-6.12,-374.68,377.35,0.0,144.63,2.73,-371.01,334.52,0.0,174.51,4.69,-540.54,395.48,03
35,0.0,48.87,11.5,-133.09,80.09,0.0,87.95,21.63,-211.17,148.7,0.0,84.51,-0.01,-287.29,238.49,0.0,107.77,21.62,-278.74,192.91,0.0,96.22,13.18,-294.56,221.79,0.0,163.11,-1.27,-443.47,351.77,0.0,148.31,-17.81,-357.94,337.38,0.0,185.54,-28.09,-373.02,435.42,0.0,132.59,15.87,-378.36,232.85,0.0,158.77,22.74,-407.33,362.38,0.0,115.04,12.69,-257.98,356.05,0.0,124.86,3.78,-402.78,254.68,04
36,0.0,58.4,18.84,-190.24,89.34,0.0,79.04,-5.98,-163.58,184.16,0.0,111.92,-10.99,-231.85,342.9,0.0,130.17,-0.68,-351.65,259.56,0.0,160.41,-4.15,-351.15,308.81,0.0,169.94,12.57,-367.84,430.47,0.0,230.28,-11.4,-602.94,613.14,0.0,165.3,-18.2,-366.27,473.55,0.0,168.19,-2.66,-360.89,408.66,0.0,157.74,-9.87,-298.42,485.96,0.0,178.72,-10.89,-356.53,470.6,0.0,160.78,-4.11,-366.83,325.43,05
37,0.0,54.14,11.34,-160.5,78.58,0.0,70.73,7.29,-199.7,123.94,0.0,77.36,-1.01,-173.76,228.83,0.0,125.41,19.2,-327.88,309.27,0.0,152.03,0.06,-371.35,404.15,0.0,154.19,-17.39,-349.11,382.72,0.0,189.22,14.36,-496.58,402.67,0.0,164.97,2.36,-420.01,433.11,0.0,132.25,-14.33,-261.77,325.88,0.0,142.99,0.35,-376.74,416.19,0.0,118.62,-7.97,-276.04,323.25,0.0,125.22,-3.94,-340.76,307.47,06
38,0.0,50.02,-1.07,-103.98,103.61,0.0,102.23,27.95,-241.77,165.82,0.0,79.38,0.54,-172.5,185.03,0.0,141.9,25.07,-315.08,246.08,0.0,126.53,8.15,-362.56,298.75,0.0,177.18,8.52,-395.23,363.88,0.0,166.33,10.91,-517.01,324.41,0.0,163.54,-10.53,-393.31,433.96,0.0,186.04,1.46,-468.63,431.05,0.0,131.18,11.88,-289.38,298.46,0.0,160.91,11.58,-433.45,360.35,0.0,141.95,-4.91,-348.8,306.7,07
39,0.0,70.57,23.4,-163.5,114.13,0.0,83.08,-2.02,-197.07,172.61,0.0,128.23,-21.36,-208.74,298.88,0.0,135.88,-12.09,-310.13,323.38,0.0,152.67,-11.36,-335.06,365.25,0.0,183.39,-25.91,-349.29,446.77,0.0,190.28,25.98,-504.84,320.58,0.0,143.99,1.46,-380.87,439.35,0.0,154.92,0.99,-383.6,389.67,0.0,179.16,2.11,-384.09,441.5,0.0,134.76,5.61,-316.3,339.49,0.0,119.03,10.07,-280.7,249.82,08
40,0.0,87.58,30.96,-209.02,136.54,0.0,94.71,-2.08,-218.48,248.13,0.0,138.13,-8.58,-280.05,400.51,0.0,128.66,17.72,-287.8,286.34,0.0,97.78,-3.08,-285.08,234.3,0.0,162.16,38.35,-417.8,328.74,0.0,177.46,13.29,-432.71,387.65,0.0,130.97,17.65,-316.68,280.96,0.0,113.42,-10.35,-285.7,345.57,0.0,108.23,4.43,-277.2,248.13,0.0,172.45,8.08,-387.3,466.93,0.0,152.15,7.62,-359.29,324.31,01
41,0.0,37.82,8.66,-131.52,51.56,0.0,97.4,7.06,-243.8,213.78,0.0,92.77,-8.44,-211.0,255.63,0.0,83.67,-18.56,-183.54,235.93,0.0,94.59,-10.26,-202.15,224.13,0.0,94.25,8.85,-354.49,188.7,0.0,192.08,-40.1,-330.64,360.8,0.0,110.18,-8.12,-402.36,288.17,0.0,103.44,-2.03,-252.42,261.44,0.0,102.34,-8.68,-249.32,273.64,0.0,120.55,-8.19,-249.37,346.63,0.0,128.88,-25.9,-322.33,308.63,02
42,0.0,50.18,4.48,-220.06,75.32,0.0,75.49,-0.51,-166.15,187.14,0.0,128.6,10.4,-305.84,339.88,0.0,112.47,1.98,-317.52,232.86,0.0,119.91,11.17,-317.16,217.29,0.0,128.18,8.67,-342.31,248.6,0.0,140.85,-7.9,-397.7,379.78,0.0,132.72,-0.64,-329.58,368.08,0.0,138.79,0.9,-392.11,358.15,0.0,122.33,-14.54,-296.66,362.64,0.0,131.32,-2.78,-264.17,315.41,0.0,140.42,17.86,-316.1,326.47,03
43,0.0,60.65,12.55,-142.94,81.02,0.0,101.13,7.04,-206.79,172.5,0.0,119.65,9.02,-265.99,306.48,0.0,151.13,22.25,-324.87,319.25,0.0,94.09,-4.35,-202.47,338.84,0.0,121.06,7.54,-368.11,228.97,0.0,170.37,7.05,-372.43,392.65,0.0,154.03,19.31,-460.94,294.52,0.0,107.42,17.93,-280.11,217.87,0.0,127.83,-14.13,-330.74,335.82,0.0,126.07,0.74,-339.7,392.68,0.0,146.45,10.99,-353.97,301.4,04
44,0.0,58.86,13.83,-174.91,87.25,0.0,109.24,2.11,-183.86,227.23,0.0,144.44,28.59,-265.96,394.4,0.0,139.65,-15.94,-351.84,305.96,0.0,94.93,0.21,-194.87,243.41,0.0,157.58,25.81,-403.78,351.85,0.0,181.22,-11.85,-492.66,483.01,0.0,137.66,0.65,-502.93,276.78,0.0,152.94,-4.21,-493.79,396.93,0.0,118.27,-4.83,-329.54,342.0,0.0,162.87,-2.07,-389.56,457.03,0.0,133.45,8.08,-320.57,344.27,05
45,0.0,48.3,14.94,-155.8,74.98,0.0,72.73,-1.48,-180.15,232.39,0.0,108.17,-15.11,-216.21,346.88,0.0,132.03,22.33,-262.22,254.46,0.0,112.51,9.03,-260.73,240.16,0.0,146.19,6.38,-361.62,321.65,0.0,184.87,-34.15,-358.95,409.94,0.0,124.89,-3.66,-350.36,277.37,0.0,120.87,2.65,-309.85,284.17,0.0,118.41,-15.61,-281.23,291.28,0.0,146.94,3.39,-511.29,407.31,0.0,140.36,-3.16,-308.86,364.21,06
46,0.0,53.61,1.18,-145.04,89.36,0.0,124.28,28.59,-284.63,200.22,0.0,95.72,-2.82,-223.6,217.89,0.0,108.93,12.69,-291.11,256.94,0.0,85.07,-11.98,-202.84,299.45,0.0,98.73,2.86,-275.98,237.57,0.0,186.24,-1.02,-492.09,391.94,0.0,114.16,9.33,-286.8,343.3,0.0,106.18,16.55,-313.14,217.53,0.0,115.87,-12.62,-263.88,330.01,0.0,131.48,3.04,-254.88,310.67,0.0,122.38,2.34,-370.57,260.88,07
47,0.0,62.61,12.51,-209.07,83.04,0.0,87.67,1.64,-278.52,202.92,0.0,135.26,-1.8,-321.32,349.27,0.0,130.02,23.38,-297.01,303.75,0.0,134.68,10.05,-328.73,318.98,0.0,124.27,8.3,-315.69,224.22,0.0,160.25,-6.51,-385.77,370.85,0.0,144.0,-0.09,-352.0,339.58,0.0,126.09,-0.32,-345.39,347.25,0.0,123.22,10.24,-324.22,255.43,0.0,135.65,7.02,-299.18,307.3,0.0,158.97,22.09,-355.56,407.96,08
48,0.0,58.35,11.13,-186.66,95.94,0.0,94.15,-4.05,-243.2,160.08,0.0,98.88,3.99,-204.65,242.69,0.0,109.36,-9.55,-268.07,212.35,0.0,134.55,4.02,-347.67,247.71,0.0,161.67,-19.12,-356.99,341.64,0.0,161.02,1.52,-455.83,376.87,0.0,163.17,4.6,-339.33,375.16,0.0,155.7,-18.06,-416.57,423.06,0.0,146.7,-19.15,-316.45,345.54,0.0,137.9,4.54,-351.27,381.72,0.0,125.59,8.9,-393.11,259.46,01
49,0.0,49.91,14.08,-149.39,68.04,0.0,81.94,7.76,-193.29,136.06,0.0,114.83,-2.9,-228.24,336.82,0.0,118.2,10.18,-241.39,246.41,0.0,114.51,2.49,-276.65,272.45,0.0,159.55,18.99,-439.58,328.89,0.0,151.29,-1.32,-352.21,319.16,0.0,178.79,-11.8,-386.95,437.94,0.0,185.18,36.92,-531.53,321.93,0.0,166.73,-28.42,-407.71,407.13,0.0,147.1,-13.85,-301.82,447.86,0.0,101.42,5.14,-306.37,281.91,02
50,0.0,45.09,11.89,-136.98,72.76,0.0,75.03,1.83,-194.47,183.06,0.0,102.33,4.08,-246.76,286.37,0.0,121.57,6.32,-269.18,244.95,0.0,129.52,14.48,-261.71,313.36,0.0,185.17,47.55,-517.67,361.07,0.0,190.83,-11.75,-471.63,400.73,0.0,212.59,-43.26,-552.8,456.34,0.0,191.2,9.84,-477.49,407.3,0.0,128.07,20.39,-362.78,287.59,0.0,134.06,0.2,-279.82,314.82,0.0,97.59,8.98,-243.93,205.48,03
51,0.0,54.51,6.53,-159.49,88.1,0.0,97.41,21.03,-239.63,164.36,0.0,114.48,2.21,-280.47,284.83,0.0,103.04,10.2,-233.83,240.74,0.0,92.42,6.86,-242.46,195.49,0.0,163.23,37.0,-537.8,262.14,0.0,147.13,-10.1,-319.87,365.94,0.0,192.64,-35.36,-396.5,437.74,0.0,190.67,19.05,-435.64,528.38,0.0,132.37,8.07,-343.26,332.63,0.0,131.68,-28.87,-296.46,330.39,0.0,135.4,16.01,-288.28,464.56,04
52,0.0,42.12,9.21,-175.45,52.35,0.0,70.07,-1.42,-171.41,176.53,0.0,111.53,8.99,-278.56,241.77,0.0,145.2,-10.46,-251.21,394.71,0.0,120.17,7.94,-234.86,299.91,0.0,193.85,5.12,-434.49,353.73,0.0,198.66,-48.77,-379.68,435.36,0.0,213.61,6.44,-477.18,414.82,0.0,166.18,-0.78,-390.71,389.42,0.0,122.87,3.56,-417.09,240.87,0.0,142.93,5.51,-517.72,344.44,0.0,117.68,0.72,-335.74,246.24,05
53,0.0,46.56,17.14,-147.46,64.16,0.0,70.8,1.38,-197.26,125.52,0.0,93.14,4.64,-223.41,199.59,0.0,138.96,-2.49,-277.19,302.5,0.0,120.6,5.63,-265.62,248.8,0.0,237.43,28.63,-526.48,456.4,0.0,129.67,6.12,-299.36,263.64,0.0,170.57,-35.33,-374.86,424.57,0.0,135.95,-14.42,-319.96,320.26,0.0,119.57,8.74,-333.17,286.07,0.0,143.68,26.76,-308.35,336.91,0.0,125.28,-6.31,-296.27,323.97,06
54,0.0,45.0,10.47,-137.04,70.44,0.0,101.92,3.56,-254.34,176.53,0.0,97.91,1.04,-226.32,294.16,0.0,138.9,-17.29,-270.1,279.0,0.0,107.86,9.51,-261.52,256.93,0.0,177.41,31.87,-498.41,330.2,0.0,142.71,17.4,-344.11,293.39,0.0,178.27,-18.26,-350.07,439.72,0.0,151.85,-1.39,-411.63,395.45,0.0,122.98,1.89,-282.08,319.86,0.0,102.91,7.08,-281.29,232.45,0.0,134.46,-11.81,-305.71,296.16,07
55,0.0,50.16,14.62,-171.88,63.05,0.0,79.62,14.76,-246.02,122.01,0.0,97.86,-3.33,-224.52,262.76,0.0,140.43,-17.35,-269.58,345.9,0.0,141.22,22.15,-384.72,253.2,0.0,168.47,10.25,-441.06,400.3,0.0,154.44,-21.55,-329.83,423.14,0.0,200.75,-6.87,-412.85,555.31,0.0,194.23,12.19,-549.76,512.31,0.0,127.15,7.83,-341.56,278.84,0.0,165.14,13.51,-420.42,305.43,0.0,139.09,9.48,-370.63,353.99,08
56,0.0,54.82,13.98,-220.62,69.37,0.0,84.02,6.2,-248.24,174.73,0.0,141.19,17.7,-252.51,314.29,0.0,141.73,6.25,-309.64,317.32,0.0,96.86,0.74,-255.61,210.18,0.0,175.18,-29.06,-439.28,404.92,0.0,176.95,-31.91,-302.37,422.2,0.0,151.38,-16.95,-380.16,327.35,0.0,169.58,10.97,-513.09,416.88,0.0,135.43,-8.05,-373.65,245.36,0.0,180.28,-4.71,-387.61,384.66,0.0,130.01,-2.28,-268.27,341.36,01
57,0.0,51.28,13.55,-152.05,65.53,0.0,86.3,2.91,-247.23,174.33,0.0,135.4,22.01,-280.86,301.62,0.0,123.84,-4.23,-253.7,247.91,0.0,97.73,4.73,-273.78,228.71,0.0,175.91,11.58,-439.13,305.37,0.0,182.97,-10.54,-430.66,510.88,0.0,150.66,-6.89,-466.3,332.25,0.0,154.17,24.99,-618.93,327.64,0.0,118.46,0.06,-321.68,318.58,0.0,138.68,-7.03,-362.62,378.88,0.0,129.0,-2.93,-309.44,376.47,02
58,0.0,58.82,18.54,-185.64,61.15,0.0,80.15,-15.28,-187.43,184.92,0.0,152.37,5.5,-297.78,292.73,0.0,129.49,7.34,-374.01,252.17,0.0,106.53,-5.35,-242.62,259.72,0.0,169.55,0.67,-436.35,390.29,0.0,202.17,11.84,-399.93,412.42,0.0,149.99,11.28,-336.86,334.57,0.0,139.98,-5.96,-306.87,311.97,0.0,131.3,14.99,-288.03,249.76,0.0,175.63,-16.26,-452.33,356.21,0.0,124.74,-18.85,-324.04,372.4,03
59,0.0,67.92,30.31,-181.14,92.61,0.0,85.94,19.51,-224.81,122.06,0.0,117.92,-0.74,-218.61,314.3,0.0,137.69,-11.63,-328.39,276.8,0.0,101.77,14.35,-312.94,214.61,0.0,191.33,-18.85,-352.72,431.85,0.0,125.2,-27.86,-344.1,331.18,0.0,150.08,-3.02,-366.03,409.03,0.0,151.44,2.93,-417.21,314.92,0.0,119.7,6.66,-374.22,223.56,0.0,147.33,30.0,-420.62,284.55,0.0,136.18,19.9,-510.07,370.64,04
60,0.0,63.11,21.93,-214.5,74.17,0.0,72.04,-4.13,-162.24,187.48,0.0,142.88,30.98,-321.22,289.5,0.0,118.6,-15.91,-270.52,269.15,0.0,132.6,10.21,-289.11,357.41,0.0,183.29,3.57,-438.42,412.63,0.0,191.21,-26.67,-589.92,529.67,0.0,146.6,-4.52,-450.07,425.06,0.0,152.75,-9.0,-361.88,351.41,0.0,154.89,-4.85,-390.13,429.39,0.0,166.89,-4.29,-377.44,450.64,0.0,149.57,5.69,-423.76,316.89,05
61,0.0,57.8,17.0,-148.91,85.5,0.0,82.95,7.2,-194.58,228.11,0.0,132.17,26.22,-305.33,234.11,0.0,131.82,-7.59,-240.16,378.69,0.0,91.17,1.63,-226.24,180.65,0.0,164.49,2.93,-402.66,383.03,0.0,122.85,19.18,-347.6,285.83,0.0,167.84,-16.34,-298.54,433.7,0.0,142.98,3.05,-367.0,372.15,0.0,147.4,7.01,-429.11,318.85,0.0,144.1,12.81,-420.54,298.46,0.0,143.51,-2.53,-347.94,284.85,06
62,0.0,66.85,17.86,-239.42,83.78,0.0,94.2,12.71,-251.85,158.32,0.0,129.39,35.05,-353.31,262.52,0.0,132.47,4.59,-297.99,280.42,0.0,101.92,-10.3,-264.97,284.57,0.0,189.36,26.48,-499.6,379.44,0.0,187.71,-11.65,-462.17,454.24,0.0,136.33,10.54,-481.81,374.21,0.0,188.49,1.79,-505.97,381.98,0.0,125.31,1.89,-480.5,272.79,0.0,149.45,10.13,-337.68,311.28,0.0,135.93,8.05,-376.53,285.19,07
63,0.0,67.05,18.25,-161.22,106.5,0.0,89.43,3.78,-251.69,160.95,0.0,110.51,-8.42,-236.85,287.89,0.0,116.37,5.32,-285.24,353.86,0.0,84.89,9.72,-205.33,197.47,0.0,154.58,-1.52,-394.07,382.91,0.0,178.42,9.39,-411.93,331.3,0.0,142.48,21.53,-408.68,306.47,0.0,143.28,9.0,-406.84,386.49,0.0,143.82,-11.43,-392.85,401.97,0.0,161.96,18.65,-457.66,426.5,0.0,124.3,-9.78,-285.69,351.13,08
64,0.0,49.25,8.58,-115.85,85.17,0.0,107.1,-4.74,-246.16,178.11,0.0,111.72,8.27,-249.24,355.66,0.0,98.24,24.67,-250.6,196.8,0.0,129.58,-3.35,-375.71,311.88,0.0,163.84,-2.37,-351.16,345.9,0.0,154.36,11.35,-301.21,342.09,0.0,167.25,12.93,-442.01,427.7,0.0,158.69,-0.13,-400.45,326.11,0.0,129.83,4.05,-358.37,298.84,0.0,130.39,4.43,-335.84,335.37,0.0,98.76,7.55,-277.26,269.07,01
65,0.0,55.39,14.73,-165.24,77.3,0.0,81.01,11.14,-202.08,169.3,0.0,125.57,-26.47,-191.3,437.84,0.0,91.36,14.13,-233.15,231.14,0.0,97.06,3.59,-235.45,265.69,0.0,112.22,11.72,-293.71,339.52,0.0,135.17,3.04,-306.88,341.2,0.0,148.42,-27.72,-329.4,390.83,0.0,135.05,-5.95,-405.81,268.49,0.0,121.34,-3.08,-265.65,299.13,0.0,125.4,2.24,-294.93,272.89,0.0,102.89,3.18,-292.34,246.31,02
66,0.0,62.04,5.74,-163.29,98.95,0.0,69.17,-1.86,-237.55,163.61,0.0,97.06,-1.68,-203.64,283.64,0.0,92.08,7.78,-243.19,223.93,0.0,95.13,2.45,-257.37,227.35,0.0,125.96,18.6,-284.21,331.92,0.0,135.85,10.74,-341.34,278.79,0.0,112.54,1.95,-284.97,315.73,0.0,129.93,-1.32,-347.51,268.73,0.0,119.24,7.84,-368.48,286.65,0.0,117.38,7.13,-360.6,316.74,0.0,120.52,-10.58,-259.93,305.85,03
67,0.0,69.29,14.55,-150.85,108.86,0.0,72.84,3.39,-227.71,126.14,0.0,93.24,-8.06,-181.1,335.56,0.0,101.4,25.47,-282.67,253.81,0.0,110.97,-1.85,-285.88,310.7,0.0,127.3,10.96,-320.31,324.34,0.0,129.15,-0.48,-343.02,413.04,0.0,131.64,0.78,-416.45,301.3,0.0,139.25,4.77,-413.62,345.76,0.0,104.71,-6.75,-312.77,237.15,0.0,106.4,9.71,-299.59,219.65,0.0,126.72,6.39,-336.65,307.61,04
68,0.0,53.76,3.03,-118.29,124.35,0.0,88.66,16.35,-221.27,187.8,0.0,96.15,16.63,-243.06,186.7,0.0,125.24,-8.3,-238.35,233.5,0.0,115.75,2.41,-311.24,222.56,0.0,170.08,-1.42,-450.67,356.59,0.0,152.88,15.47,-477.48,292.16,0.0,138.2,10.65,-514.53,289.29,0.0,168.11,21.04,-563.7,284.31,0.0,109.89,16.27,-277.68,239.9,0.0,126.86,-10.34,-400.92,391.86,0.0,118.87,-16.92,-230.66,315.03,05
69,0.0,48.16,11.45,-134.42,80.51,0.0,86.01,25.06,-258.41,137.38,0.0,86.13,-5.07,-184.07,242.65,0.0,122.35,-25.48,-264.72,288.66,0.0,107.55,-21.23,-267.95,268.89,0.0,138.34,24.73,-357.82,347.57,0.0,126.03,-14.94,-215.07,344.63,0.0,135.7,7.44,-297.97,385.22,0.0,122.54,-1.36,-375.38,223.53,0.0,135.17,18.07,-490.15,376.0,0.0,131.47,8.36,-470.87,367.1,0.0,120.51,12.54,-269.32,287.78,06
70,0.0,56.39,15.88,-156.39,112.82,0.0,80.98,10.87,-209.88,133.73,0.0,99.99,0.18,-212.23,281.7,0.0,95.96,3.85,-212.9,293.65,0.0,93.43,-0.42,-246.1,262.54,0.0,103.26,6.9,-226.0,261.83,0.0,138.27,10.13,-273.08,320.91,0.0,148.85,0.71,-294.61,332.96,0.0,116.13,7.04,-347.11,287.16,0.0,118.44,2.44,-247.04,407.79,0.0,113.6,1.3,-275.37,279.63,0.0,95.58,1.06,-196.61,252.39,07
71,0.0,47.11,5.61,-156.39,96.57,0.0,89.21,9.18,-196.19,143.82,0.0,107.44,0.2,-216.3,319.95,0.0,97.55,4.35,-213.84,304.98,0.0,127.67,-16.29,-347.97,340.17,0.0,118.89,-8.86,-316.84,330.85,0.0,123.9,0.07,-384.93,333.44,0.0,125.94,-11.71,-389.07,274.82,0.0,125.5,-4.42,-277.01,348.82,0.0,101.75,-7.47,-228.77,290.6,0.0,111.43,-1.06,-252.04,330.54,0.0,106.47,-13.92,-216.65,293.68,08
72,0.0,42.68,14.16,-190.24,59.98,0.0,100.44,16.53,-272.86,179.07,0.0,117.58,9.75,-250.32,244.16,0.0,106.6,-3.75,-296.01,261.16,0.0,122.12,9.76,-398.53,243.47,0.0,123.61,6.28,-335.29,265.3,0.0,181.29,-15.18,-423.1,393.26,0.0,150.47,-8.29,-339.62,471.64,0.0,188.86,-6.23,-563.06,398.68,0.0,141.2,1.9,-307.46,369.33,0.0,135.53,-11.54,-370.06,391.99,0.0,141.73,3.45,-351.54,350.68,01
73,0.0,51.5,13.88,-175.29,64.13,0.0,104.99,6.27,-299.98,188.89,0.0,114.89,-1.89,-275.96,319.55,0.0,89.42,-1.08,-212.14,175.39,0.0,109.48,-1.09,-222.5,271.93,0.0,145.8,1.03,-367.11,365.09,0.0,176.81,-12.25,-388.67,394.47,0.0,140.26,10.86,-444.75,335.15,0.0,158.26,6.97,-387.51,285.08,0.0,142.57,3.66,-312.12,431.48,0.0,158.1,7.11,-345.79,476.06,0.0,133.96,9.76,-373.25,335.14,02
74,0.0,79.03,33.16,-199.87,108.46,0.0,80.55,-4.25,-205.42,214.55,0.0,110.16,-7.68,-241.08,297.35,0.0,93.77,-6.17,-217.87,195.26,0.0,157.87,4.75,-396.15,442.6,0.0,137.4,4.2,-368.18,271.34,0.0,181.99,9.35,-459.12,312.58,0.0,150.79,-6.51,-390.62,309.26,0.0,189.46,22.03,-458.15,389.13,0.0,179.19,10.31,-606.3,410.3,0.0,158.81,1.26,-340.94,394.75,0.0,159.87,-12.8,-316.87,419.37,03
75,0.0,53.72,16.03,-142.67,77.05,0.0,105.5,19.79,-259.54,219.38,0.0,100.05,12.64,-224.06,254.82,0.0,114.23,-9.35,-235.79,303.63,0.0,105.25,-9.79,-247.87,317.82,0.0,125.68,12.85,-321.16,284.3,0.0,154.49,-33.33,-275.47,384.41,0.0,158.31,6.33,-329.79,367.65,0.0,144.87,12.03,-307.55,339.45,0.0,151.07,1.09,-407.5,368.15,0.0,134.46,-13.4,-298.22,363.09,0.0,149.44,0.95,-277.89,302.91,04
76,0.0,63.26,17.3,-213.39,91.98,0.0,109.67,16.3,-295.3,178.88,0.0,151.87,-16.3,-257.86,474.76,0.0,138.91,-3.42,-350.44,334.94,0.0,116.25,8.47,-313.88,232.7,0.0,128.41,-1.6,-298.9,305.75,0.0,150.23,3.53,-306.25,399.37,0.0,136.78,-12.64,-268.98,394.89,0.0,148.84,6.28,-365.47,348.42,0.0,141.62,-15.41,-326.08,312.05,0.0,121.73,-20.25,-248.44,357.31,0.0,134.18,13.0,-404.76,390.2,05
77,0.0,55.74,15.81,-173.63,76.35,0.0,91.99,5.96,-261.33,151.92,0.0,101.24,16.82,-318.01,257.19,0.0,111.28,-3.8,-255.35,290.79,0.0,120.03,16.84,-304.16,273.24,0.0,168.8,-0.63,-423.39,278.69,0.0,146.74,-6.87,-301.19,324.58,0.0,142.33,-1.82,-308.3,357.64,0.0,158.8,-6.62,-443.62,446.51,0.0,128.92,-12.03,-312.21,356.51,0.0,132.5,2.88,-333.35,322.46,0.0,175.57,28.06,-409.94,343.11,06
78,0.0,59.67,18.79,-215.31,81.94,0.0,87.25,9.92,-224.81,197.6,0.0,145.36,-1.0,-248.08,320.45,0.0,115.99,-1.78,-214.85,214.06,0.0,104.24,-2.38,-237.19,268.31,0.0,147.16,2.73,-357.32,328.84,0.0,151.62,-35.23,-273.38,333.54,0.0,141.88,-2.75,-345.35,360.4,0.0,107.31,2.45,-224.69,279.42,0.0,123.53,3.26,-308.17,302.74,0.0,132.45,1.7,-271.24,317.43,0.0,142.13,2.79,-355.63,352.59,07
79,0.0,65.39,17.03,-130.15,112.7,0.0,100.89,14.8,-262.13,197.79,0.0,112.75,-7.43,-294.47,281.83,0.0,97.55,4.32,-255.47,255.59,0.0,149.51,-5.21,-388.46,365.86,0.0,143.79,7.22,-309.46,311.57,0.0,142.67,-7.42,-301.56,359.12,0.0,167.25,2.02,-508.14,333.55,0.0,149.96,-2.78,-309.07,410.43,0.0,149.88,14.17,-285.58,379.66,0.0,134.2,0.86,-390.19,243.27,0.0,163.31,-16.98,-339.42,350.59,08
80,0.0,47.51,14.57,-147.63,69.77,0.0,96.98,18.83,-275.23,144.8,0.0,90.68,-3.29,-222.49,282.74,0.0,114.8,14.73,-261.47,266.77,0.0,124.23,-9.49,-405.56,353.77,0.0,129.67,12.7,-367.02,250.72,0.0,142.42,-12.4,-279.99,345.35,0.0,137.3,-0.74,-276.8,322.09,0.0,147.89,-4.76,-311.97,452.97,0.0,123.38,6.38,-367.71,287.12,0.0,119.58,-6.51,-290.77,269.42,0.0,125.03,9.41,-390.05,308.81,01
81,0.0,45.43,17.34,-139.88,62.32,0.0,97.9,7.44,-288.43,151.06,0.0,108.23,-17.86,-234.05,331.81,0.0,119.57,1.7,-308.9,325.33,0.0,147.05,10.47,-400.11,319.83,0.0,123.0,-3.22,-289.75,278.76,0.0,137.13,19.74,-332.34,318.33,0.0,113.13,10.2,-272.15,259.38,0.0,176.76,-10.56,-512.39,403.48,0.0,140.05,-10.42,-369.16,329.1,0.0,117.15,-3.78,-286.78,278.76,0.0,135.25,11.18,-366.7,302.42,02
82,0.0,60.67,20.95,-153.49,76.73,0.0,85.83,4.48,-223.96,171.24,0.0,120.15,-8.07,-279.95,387.65,0.0,156.08,10.3,-300.26,359.2,0.0,119.86,19.11,-375.2,239.3,0.0,146.94,1.62,-397.14,317.37,0.0,159.42,6.78,-355.81,406.25,0.0,166.51,-8.05,-491.07,353.34,0.0,149.09,24.09,-662.11,348.97,0.0,117.56,14.35,-290.6,276.79,0.0,132.91,24.13,-372.97,306.43,0.0,112.87,11.87,-325.36,328.27,03
83,0.0,37.56,10.04,-110.22,59.04,0.0,99.04,7.78,-281.99,187.25,0.0,95.95,-11.68,-177.16,345.08,0.0,108.79,-2.3,-216.72,249.65,0.0,146.38,13.91,-441.84,297.97,0.0,120.75,-2.42,-298.99,273.28,0.0,142.91,7.09,-301.87,326.78,0.0,118.47,7.33,-307.38,317.46,0.0,188.2,-13.41,-513.95,469.38,0.0,124.13,-9.21,-225.48,284.38,0.0,119.33,-4.58,-379.62,228.1,0.0,139.2,-14.95,-337.68,332.43,04
84,0.0,55.18,23.68,-190.95,64.84,0.0,79.56,-0.57,-211.8,218.54,0.0,116.37,-17.14,-234.63,359.6,0.0,157.54,-11.06,-413.7,338.61,0.0,168.43,37.64,-498.06,328.8,0.0,144.96,4.2,-312.62,344.96,0.0,163.28,22.75,-395.66,316.52,0.0,147.7,-3.64,-409.24,411.93,0.0,168.82,13.91,-556.65,323.09,0.0,156.58,5.93,-438.4,387.86,0.0,128.15,-1.63,-239.61,340.63,0.0,157.3,13.6,-368.21,374.29,05
85,0.0,52.0,13.77,-159.05,79.56,0.0,104.24,3.11,-251.51,220.04,0.0,97.42,-14.37,-217.33,311.56,0.0,108.29,13.52,-315.57,240.41,0.0,144.47,26.18,-340.57,288.79,0.0,139.07,13.89,-453.34,340.12,0.0,137.89,-4.46,-402.99,349.45,0.0,151.75,6.0,-360.27,317.38,0.0,170.71,-14.07,-364.18,489.64,0.0,141.76,-12.12,-347.01,285.65,0.0,113.06,-0.26,-366.35,265.94,0.0,136.14,-1.04,-316.47,352.22,06
86,0.0,53.24,14.89,-159.25,90.99,0.0,84.76,12.18,-249.95,173.19,0.0,111.2,4.64,-259.7,388.02,0.0,133.36,-8.11,-279.29,391.98,0.0,129.51,12.66,-362.74,374.4,0.0,133.15,-15.06,-378.49,272.04,0.0,144.6,14.44,-444.09,328.03,0.0,158.92,-5.6,-354.67,355.02,0.0,164.19,-4.66,-417.89,443.49,0.0,113.41,9.32,-335.08,307.54,0.0,125.56,-9.04,-400.81,319.38,0.0,139.87,-7.71,-340.9,291.89,07
87,0.0,60.93,22.57,-173.11,84.19,0.0,95.31,-3.21,-262.84,210.45,0.0,95.38,-10.02,-205.75,251.44,0.0,136.95,-6.01,-253.28,303.62,0.0,137.4,19.64,-422.78,304.58,0.0,140.83,17.38,-418.63,295.63,0.0,130.15,-1.01,-330.34,362.44,0.0,161.0,-5.34,-326.71,366.9,0.0,143.96,-10.16,-387.68,380.83,0.0,128.11,-0.68,-357.93,270.12,0.0,123.59,4.28,-280.59,346.98,0.0,151.32,12.39,-478.64,500.84,08
88,0.0,61.5,21.21,-191.91,86.91,0.0,85.03,-0.11,-199.38,202.55,0.0,109.13,8.38,-209.63,320.02,0.0,111.18,-9.31,-237.58,261.8,0.0,113.21,3.56,-274.85,260.03,0.0,133.54,15.58,-397.54,242.39,0.0,168.92,25.48,-348.98,384.63,0.0,125.45,-3.37,-338.3,388.86,0.0,143.66,17.11,-426.26,379.45,0.0,118.59,-13.97,-372.22,299.15,0.0,158.21,-0.57,-417.68,428.72,0.0,138.71,19.91,-441.23,318.2,01
89,0.0,60.75,15.61,-187.53,68.04,0.0,88.03,0.3,-209.61,175.5,0.0,102.07,1.48,-274.1,292.23,0.0,125.64,11.98,-279.2,271.26,0.0,118.54,-6.53,-269.71,314.69,0.0,123.48,1.61,-314.82,255.39,0.0,180.4,-33.45,-448.69,538.47,0.0,104.58,-6.12,-284.02,234.18,0.0,155.24,22.8,-547.31,337.66,0.0,134.35,9.96,-384.92,297.59,0.0,135.94,-22.83,-283.13,359.09,0.0,119.11,24.22,-284.64,238.01,02
90,0.0,53.16,19.32,-195.89,56.72,0.0,68.12,-6.35,-178.93,171.49,0.0,105.08,-0.38,-250.87,286.99,0.0,136.72,1.83,-385.88,227.02,0.0,100.97,-4.53,-265.97,220.22,0.0,134.96,-0.83,-249.04,467.15,0.0,217.89,-2.53,-421.47,445.39,0.0,209.44,-15.28,-397.76,545.04,0.0,141.78,9.01,-385.81,353.4,0.0,157.63,12.49,-356.4,459.49,0.0,167.5,-30.59,-291.29,548.09,0.0,143.55,24.5,-388.9,283.22,03
91,0.0,52.7,16.18,-184.15,64.12,0.0,80.21,-8.36,-185.01,213.74,0.0,96.21,9.28,-199.46,339.87,0.0,134.94,1.58,-370.2,310.81,0.0,127.53,19.12,-329.36,294.77,0.0,139.99,-4.16,-368.29,330.47,0.0,159.18,-15.13,-366.11,365.49,0.0,145.68,-13.2,-316.37,423.0,0.0,173.92,16.0,-408.22,388.58,0.0,126.3,-3.08,-310.27,391.39,0.0,142.99,-14.64,-370.79,342.22,0.0,157.51,26.56,-329.15,385.57,04
92,0.0,57.06,20.67,-195.46,73.74,0.0,124.68,-11.96,-224.01,260.07,0.0,95.99,-5.84,-219.38,270.49,0.0,140.63,29.78,-302.33,208.45,0.0,111.39,15.61,-328.28,267.38,0.0,192.77,26.83,-505.56,386.69,0.0,140.49,3.75,-362.52,418.05,0.0,155.16,-11.14,-402.12,366.07,0.0,180.93,-0.19,-691.3,390.65,0.0,142.12,13.07,-522.7,273.73,0.0,153.23,-8.65,-440.74,363.26,0.0,123.54,6.02,-298.35,331.58,05
93,0.0,50.66,14.4,-146.37,74.63,0.0,67.03,-0.56,-154.26,183.3,0.0,111.13,10.47,-253.91,351.59,0.0,149.48,4.55,-346.84,333.89,0.0,166.84,33.79,-382.05,319.21,0.0,150.61,14.46,-317.52,487.75,0.0,205.89,15.89,-509.96,387.94,0.0,145.87,11.61,-433.34,347.17,0.0,175.53,30.04,-390.36,303.98,0.0,129.57,4.7,-306.13,287.5,0.0,135.77,-16.79,-337.09,354.67,0.0,131.92,-2.49,-353.62,306.05,06
94,0.0,64.09,20.71,-191.42,82.18,0.0,89.7,-2.9,-176.7,207.72,0.0,99.63,-8.65,-217.13,297.11,0.0,129.0,11.66,-328.25,257.84,0.0,131.9,16.47,-327.05,265.38,0.0,141.52,15.02,-363.41,386.66,0.0,155.56,-2.53,-288.48,389.15,0.0,126.8,-0.65,-296.63,264.87,0.0,145.73,18.76,-371.46,273.95,0.0,141.89,-2.68,-316.62,397.02,0.0,122.04,-8.42,-328.14,316.43,0.0,122.21,-15.81,-320.45,259.51,07
95,0.0,59.07,21.03,-212.25,63.15,0.0,74.29,-6.01,-197.32,237.75,0.0,92.65,-0.49,-205.07,248.16,0.0,141.22,15.08,-376.03,307.82,0.0,128.11,-9.13,-325.47,276.52,0.0,140.48,10.78,-359.15,373.73,0.0,176.49,-14.96,-397.08,409.36,0.0,126.56,7.52,-321.76,271.74,0.0,167.46,7.7,-417.72,370.09,0.0,126.21,0.5,-326.39,318.77,0.0,192.51,1.56,-419.84,515.73,0.0,143.17,25.91,-333.62,281.39,08
96,0.0,50.51,12.78,-170.72,71.78,0.0,79.94,-1.52,-271.39,154.55,0.0,106.21,1.3,-259.26,312.18,0.0,137.78,18.82,-353.2,242.41,0.0,137.21,17.39,-402.14,280.62,0.0,122.31,-15.1,-299.92,290.05,0.0,135.96,-17.39,-372.32,344.26,0.0,163.65,24.65,-436.23,301.3,0.0,152.69,-11.06,-331.73,433.57,0.0,137.16,-0.41,-339.92,328.38,0.0,123.2,5.91,-331.81,342.17,0.0,142.97,15.9,-378.63,371.18,01
97,0.0,50.83,13.67,-177.34,70.6,0.0,78.31,6.85,-186.77,161.6,0.0,118.52,-0.02,-213.54,380.9,0.0,130.43,2.86,-262.8,286.58,0.0,113.98,3.33,-329.07,245.3,0.0,126.35,21.22,-374.32,231.32,0.0,153.52,-11.02,-313.45,403.89,0.0,124.0,-7.96,-303.61,306.34,0.0,142.73,13.71,-342.04,361.06,0.0,155.32,9.61,-425.44,340.23,0.0,123.47,-3.8,-351.44,303.45,0.0,125.02,-16.6,-254.2,274.42,02
98,0.0,44.53,11.3,-152.35,61.58,0.0,66.34,-5.8,-130.43,204.29,0.0,121.74,5.56,-216.27,307.65,0.0,102.79,-16.27,-173.09,293.71,0.0,144.34,3.33,-368.29,289.22,0.0,129.23,13.8,-347.7,279.05,0.0,156.7,-31.81,-438.14,436.97,0.0,139.34,3.51,-353.1,382.1,0.0,187.2,5.29,-392.32,492.03,0.0,178.94,21.8,-439.63,441.48,0.0,119.35,-5.5,-267.88,296.94,0.0,145.41,-3.97,-389.12,355.45,03
99,0.0,51.02,6.16,-145.55,87.02,0.0,95.17,7.12,-230.46,177.75,0.0,115.68,3.43,-214.92,303.39,0.0,131.06,3.93,-316.11,422.97,0.0,138.57,18.73,-409.06,309.21,0.0,120.02,13.62,-285.66,225.15,0.0,145.68,-14.94,-438.71,371.58,0.0,125.42,0.64,-374.28,272.3,0.0,166.39,-2.13,-386.64,519.25,0.0,161.83,-0.76,-325.77,381.49,0.0,105.35,-9.7,-228.44,310.97,0.0,119.32,-3.48,-349.45,354.57,04
100,0.0,54.25,15.44,-181.79,75.06,0.0,77.0,10.6,-169.14,198.08,0.0,119.67,6.01,-247.51,342.93,0.0,119.63,2.43,-325.82,251.57,0.0,116.45,-2.34,-286.45,327.12,0.0,173.7,31.65,-437.95,340.7,0.0,183.77,2.93,-435.46,400.54,0.0,172.5,-21.72,-362.82,456.45,0.0,163.0,1.46,-407.87,294.69,0.0,139.91,11.34,-354.67,339.27,0.0,132.66,2.05,-326.7,423.99,0.0,157.84,9.22,-381.54,400.95,05
101,0.0,45.77,6.02,-133.62,70.96,0.0,81.16,-0.19,-211.47,192.44,0.0,118.01,2.5,-294.45,329.6,0.0,125.46,9.35,-322.22,255.68,0.0,145.76,32.54,-372.16,319.45,0.0,143.21,18.8,-406.68,328.46,0.0,144.48,1.37,-325.38,360.74,0.0,157.66,-12.2,-442.7,408.86,0.0,178.14,-1.09,-422.15,367.78,0.0,132.66,14.54,-301.88,385.89,0.0,111.11,12.25,-386.07,240.36,0.0,140.08,-6.05,-280.78,367.29,06
102,0.0,54.69,12.54,-195.87,91.14,0.0,72.06,2.22,-186.15,156.21,0.0,107.0,-5.61,-186.22,368.13,0.0,107.18,2.52,-263.89,261.2,0.0,127.95,18.37,-383.08,243.8,0.0,148.24,20.54,-403.7,295.74,0.0,167.03,10.55,-516.05,335.21,0.0,175.68,18.54,-471.8,427.31,0.0,158.58,-8.03,-364.51,479.74,0.0,142.6,-19.37,-349.05,322.02,0.0,112.96,2.36,-285.87,238.3,0.0,125.32,-3.76,-294.91,240.01,07
103,0.0,52.0,14.06,-182.67,66.74,0.0,67.61,-6.91,-144.29,197.05,0.0,94.49,-11.18,-195.13,233.52,0.0,145.96,-10.23,-296.18,337.9,0.0,149.23,37.28,-433.07,278.02,0.0,116.93,16.26,-367.9,320.53,0.0,156.95,2.06,-292.03,405.73,0.0,153.5,-5.35,-333.41,376.56,0.0,177.34,9.45,-390.63,525.4,0.0,164.01,6.11,-386.56,329.41,0.0,152.91,-7.15,-374.05,481.52,0.0,156.72,9.48,-320.57,413.53,08
104,0.0,54.65,12.85,-229.4,78.76,0.0,107.95,11.85,-283.38,190.26,0.0,102.84,20.87,-223.61,253.28,0.0,115.68,-6.32,-288.98,243.98,0.0,126.92,3.87,-406.86,291.21,0.0,158.87,-2.49,-349.41,308.79,0.0,167.18,-19.82,-405.24,420.91,0.0,137.4,26.32,-376.77,340.82,0.0,118.16,-10.79,-312.08,283.73,0.0,156.19,-0.78,-388.76,349.06,0.0,125.57,27.27,-415.57,218.16,0.0,132.38,-16.11,-285.06,364.26,01
105,0.0,49.74,6.47,-123.35,87.65,0.0,106.04,8.58,-302.75,175.63,0.0,112.98,0.63,-250.94,225.82,0.0,115.97,7.39,-279.19,230.28,0.0,102.7,-2.31,-208.82,279.76,0.0,166.94,3.23,-401.82,363.38,0.0,174.12,-24.49,-354.82,437.14,0.0,126.74,12.82,-340.15,290.8,0.0,133.61,-0.44,-298.55,318.88,0.0,137.75,3.01,-324.4,393.44,0.0,129.75,5.03,-329.59,335.96,0.0,135.21,-7.08,-363.56,340.35,02
106,0.0,61.16,14.0,-218.8,93.15,0.0,79.51,15.64,-232.2,160.27,0.0,101.34,-14.02,-243.29,280.49,0.0,126.16,14.42,-339.97,322.12,0.0,118.28,11.32,-275.37,284.31,0.0,181.38,6.06,-386.55,390.0,0.0,185.56,-43.63,-448.64,578.43,0.0,160.96,-3.13,-530.91,503.56,0.0,149.93,-4.34,-410.27,296.16,0.0,132.46,-8.82,-337.25,378.6,0.0,158.08,-38.52,-310.53,505.66,0.0,145.03,12.78,-327.19,297.64,03
107,0.0,64.16,17.49,-151.21,106.63,0.0,106.77,12.09,-311.06,207.41,0.0,104.68,3.99,-315.35,271.05,0.0,101.85,6.53,-248.03,201.54,0.0,91.17,-1.49,-425.94,239.5,0.0,184.99,-8.38,-525.77,388.69,0.0,183.3,-26.38,-387.78,458.43,0.0,144.29,6.28,-351.69,343.46,0.0,109.31,11.14,-283.16,217.06,0.0,119.25,-14.72,-311.72,314.42,0.0,138.58,-12.27,-285.97,414.41,0.0,103.48,-2.03,-242.88,252.0,04
108,0.0,73.23,28.33,-210.91,102.57,0.0,88.28,3.86,-198.09,214.62,0.0,119.49,7.69,-251.75,273.73,0.0,162.96,-15.27,-339.7,334.39,0.0,126.69,4.44,-343.38,272.13,0.0,176.42,30.43,-537.44,348.34,0.0,206.99,-16.89,-513.3,541.46,0.0,149.52,-21.91,-343.91,406.95,0.0,155.39,14.01,-451.9,348.51,0.0,154.64,-2.47,-287.5,396.05,0.0,153.67,-0.45,-330.06,311.82,0.0,146.56,6.83,-357.13,309.29,05
109,0.0,58.92,17.32,-148.01,94.54,0.0,100.06,18.96,-222.05,213.07,0.0,98.9,-10.19,-217.5,230.6,0.0,88.54,2.13,-313.02,226.75,0.0,99.64,-4.9,-216.38,219.29,0.0,150.22,0.26,-378.84,372.42,0.0,171.83,-4.94,-427.15,406.17,0.0,137.63,6.8,-338.34,293.1,0.0,145.28,-19.59,-311.48,315.61,0.0,131.1,-4.3,-270.83,330.66,0.0,155.4,-5.52,-335.48,433.95,0.0,119.13,-12.69,-253.76,275.7,06
110,0.0,64.39,3.75,-141.19,104.19,0.0,109.35,31.88,-243.08,157.96,0.0,106.01,4.42,-308.56,204.7,0.0,98.79,5.68,-287.13,259.77,0.0,105.51,12.95,-275.19,227.38,0.0,183.9,23.66,-498.94,348.61,0.0,153.29,-10.07,-384.62,346.02,0.0,138.97,11.02,-424.02,272.88,0.0,124.92,2.79,-367.25,279.75,0.0,134.1,-13.29,-269.59,403.29,0.0,129.64,7.39,-292.25,416.77,0.0,140.02,-2.86,-392.19,410.58,07
111,0.0,61.42,5.46,-140.67,100.21,0.0,109.99,10.08,-254.23,182.54,0.0,123.72,-15.48,-247.29,307.73,0.0,102.42,-1.15,-270.52,249.6,0.0,111.32,-5.73,-334.86,249.16,0.0,194.76,23.41,-621.21,468.86,0.0,191.52,16.85,-428.95,437.2,0.0,186.96,-30.82,-423.85,517.04,0.0,120.88,9.22,-359.05,280.06,0.0,128.66,-11.61,-267.81,265.08,0.0,143.86,-0.69,-361.38,444.42,0.0,118.55,4.85,-510.84,218.5,08
112,0.0,59.96,18.14,-201.54,95.03,0.0,80.82,-6.67,-174.62,248.5,0.0,123.85,-6.0,-284.39,376.96,0.0,112.73,-15.84,-264.8,255.47,0.0,105.1,3.73,-228.85,329.15,0.0,147.9,-16.25,-322.25,477.13,0.0,162.43,-19.37,-391.97,549.09,0.0,172.09,-35.86,-283.69,528.31,0.0,180.22,25.96,-403.69,383.56,0.0,153.12,7.55,-350.77,332.85,0.0,149.61,-11.52,-313.14,382.49,0.0,169.51,-25.86,-351.29,365.14,01
113,0.0,54.43,16.1,-176.42,80.8,0.0,85.33,-3.07,-189.67,183.0,0.0,99.82,6.77,-262.52,235.98,0.0,105.42,-5.26,-254.42,233.89,0.0,116.19,-9.49,-315.86,280.24,0.0,140.38,10.42,-291.54,343.99,0.0,160.05,-3.14,-368.51,431.65,0.0,177.94,-2.57,-365.22,439.38,0.0,155.87,18.23,-392.52,431.92,0.0,126.64,12.72,-383.83,289.63,0.0,125.2,-3.06,-379.54,420.11,0.0,146.21,18.67,-440.81,256.74,02
114,0.0,66.96,20.94,-198.83,90.41,0.0,70.4,2.82,-214.41,160.46,0.0,119.79,-0.07,-309.67,313.8,0.0,97.83,-10.2,-210.85,199.42,0.0,134.02,17.43,-355.01,247.53,0.0,178.78,27.83,-573.93,418.88,0.0,187.82,-18.48,-395.58,358.75,0.0,176.1,5.12,-320.85,632.87,0.0,166.69,-11.35,-361.33,440.38,0.0,147.9,-4.18,-292.9,387.14,0.0,141.45,-10.43,-325.29,368.21,0.0,151.92,-3.16,-294.03,364.95,03
115,0.0,66.08,23.31,-129.77,94.16,0.0,66.89,-0.05,-211.43,151.52,0.0,75.41,16.65,-232.86,187.34,0.0,111.15,14.78,-276.04,235.9,0.0,104.9,-3.2,-283.87,240.23,0.0,143.94,28.49,-476.26,239.03,0.0,156.13,11.5,-348.2,432.57,0.0,121.75,16.72,-324.96,258.06,0.0,150.09,-26.19,-393.69,375.38,0.0,149.07,11.8,-432.53,341.56,0.0,133.52,-1.4,-362.21,312.7,0.0,166.45,7.15,-386.75,418.34,03
116,0.0,76.13,29.62,-178.57,122.82,0.0,77.98,0.82,-184.0,159.71,0.0,102.94,8.05,-305.46,229.48,0.0,121.04,16.22,-325.88,210.69,0.0,122.29,-5.13,-246.43,261.71,0.0,163.25,21.32,-400.49,300.52,0.0,152.26,-12.57,-370.74,348.03,0.0,173.17,-23.6,-519.17,448.0,0.0,139.61,4.76,-352.01,366.75,0.0,163.07,12.93,-382.61,375.18,0.0,123.91,1.15,-272.2,317.46,0.0,164.22,36.14,-583.8,303.69,04
117,0.0,59.33,17.24,-223.65,71.13,0.0,72.59,-4.09,-160.29,139.66,0.0,124.64,1.41,-269.83,342.71,0.0,153.52,-23.47,-379.72,328.12,0.0,132.04,2.46,-270.89,296.23,0.0,149.96,-19.66,-360.24,276.9,0.0,171.85,-10.55,-340.71,438.14,0.0,207.32,-16.02,-373.96,454.02,0.0,191.27,-14.35,-451.76,533.17,0.0,153.16,17.43,-589.9,298.83,0.0,132.65,0.53,-378.86,355.25,0.0,142.12,-4.84,-378.47,373.65,05
118,0.0,45.15,14.07,-174.21,72.26,0.0,84.47,0.06,-215.39,176.81,0.0,79.93,3.1,-224.93,239.74,0.0,172.18,34.64,-354.2,335.59,0.0,92.73,-13.87,-198.04,283.77,0.0,159.68,3.28,-374.31,341.51,0.0,152.67,3.92,-342.36,314.45,0.0,138.39,13.58,-451.14,407.06,0.0,146.09,-1.17,-326.65,403.61,0.0,138.24,8.2,-422.79,271.32,0.0,117.65,10.63,-265.0,236.67,0.0,167.43,50.51,-401.08,429.86,06
119,0.0,58.45,15.84,-176.25,88.94,0.0,112.23,9.34,-267.39,201.79,0.0,111.83,1.26,-321.62,238.84,0.0,117.61,13.99,-277.01,217.06,0.0,107.81,-11.26,-229.54,229.53,0.0,170.7,1.19,-441.12,310.22,0.0,173.45,31.53,-483.52,299.56,0.0,138.01,-11.37,-458.95,304.42,0.0,169.05,5.96,-468.31,483.99,0.0,128.24,-6.82,-335.8,311.02,0.0,119.22,-8.7,-231.2,435.39,0.0,165.97,-8.07,-346.2,551.76,07
120,0.0,59.12,16.25,-232.05,79.86,0.0,63.93,-7.92,-144.21,183.06,0.0,121.51,5.23,-223.02,290.08,0.0,102.87,10.3,-211.44,211.91,0.0,113.41,13.85,-277.45,247.55,0.0,166.79,26.64,-407.5,288.27,0.0,187.54,-5.05,-429.78,461.84,0.0,147.09,-14.64,-299.78,415.31,0.0,175.86,1.87,-455.59,363.46,0.0,167.03,2.56,-496.87,371.4,0.0,126.53,2.03,-252.41,300.38,0.0,142.97,7.86,-328.5,336.91,08
121,0.0,69.37,24.6,-236.33,99.67,0.0,110.19,14.53,-328.67,215.19,0.0,145.78,3.06,-269.9,324.79,0.0,112.35,-5.71,-246.99,239.2,0.0,124.74,14.8,-368.77,264.16,0.0,162.21,16.21,-445.51,387.8,0.0,175.25,-17.43,-373.65,390.3,0.0,148.7,0.77,-379.32,378.14,0.0,165.54,11.8,-469.14,412.55,0.0,118.36,-10.57,-316.5,267.96,0.0,143.77,-14.77,-376.29,442.65,0.0,133.58,-8.12,-357.41,330.13,01
122,0.0,50.61,14.77,-156.53,65.31,0.0,113.77,20.0,-266.2,200.9,0.0,130.06,10.81,-248.04,356.85,0.0,131.31,24.86,-418.28,225.76,0.0,101.78,5.36,-246.01,175.36,0.0,144.54,26.3,-389.17,251.58,0.0,185.33,-2.47,-450.12,412.81,0.0,160.52,26.59,-392.53,377.71,0.0,124.63,11.56,-352.09,271.29,0.0,141.07,-12.02,-396.74,336.56,0.0,160.3,14.92,-535.79,330.64,0.0,112.61,1.39,-296.32,292.99,02
123,0.0,67.56,23.38,-191.56,79.96,0.0,82.63,5.78,-207.01,214.22,0.0,142.49,-10.1,-243.17,337.81,0.0,149.47,7.63,-354.23,357.8,0.0,113.02,3.42,-292.81,261.57,0.0,147.63,19.55,-432.9,246.68,0.0,189.63,-19.61,-368.98,434.66,0.0,172.3,16.33,-378.14,406.22,0.0,139.23,-3.16,-369.67,315.76,0.0,127.21,-2.29,-354.53,539.19,0.0,194.63,6.07,-500.58,388.26,0.0,154.46,-3.23,-411.14,355.49,03
124,0.0,71.38,23.79,-179.73,118.92,0.0,99.79,13.02,-231.84,206.25,0.0,118.78,-2.18,-276.23,264.19,0.0,135.0,8.28,-398.35,284.68,0.0,125.87,24.05,-316.13,232.95,0.0,127.6,15.33,-293.39,269.7,0.0,185.41,-22.18,-366.72,480.38,0.0,151.24,22.72,-413.5,399.46,0.0,150.95,-12.93,-395.88,534.6,0.0,123.35,-9.69,-293.31,421.64,0.0,135.85,5.7,-426.19,279.08,0.0,115.66,-4.96,-341.29,254.6,04
125,0.0,67.94,26.38,-198.76,116.54,0.0,95.95,-15.18,-241.45,235.7,0.0,149.07,0.75,-254.52,348.23,0.0,145.65,16.64,-391.38,298.74,0.0,145.91,3.06,-320.92,347.89,0.0,170.41,-0.82,-477.15,407.46,0.0,203.07,-6.77,-397.27,483.38,0.0,174.51,-31.0,-314.23,467.04,0.0,159.42,23.73,-346.05,299.79,0.0,128.43,1.73,-307.6,452.01,0.0,154.54,8.66,-476.51,298.62,0.0,162.65,23.54,-406.72,471.5,05
126,0.0,64.7,23.34,-187.89,71.35,0.0,95.25,1.86,-305.99,199.82,0.0,116.15,7.03,-260.26,242.17,0.0,128.64,-4.22,-277.8,394.68,0.0,114.38,28.1,-277.7,221.08,0.0,145.87,0.55,-374.52,313.63,0.0,178.06,-44.19,-283.45,464.18,0.0,168.37,6.61,-495.99,363.17,0.0,123.09,2.3,-291.86,299.3,0.0,114.66,-7.3,-275.41,270.63,0.0,173.63,13.54,-496.93,466.85,0.0,129.25,0.46,-289.82,361.01,06
127,0.0,62.28,22.6,-174.45,101.03,0.0,113.59,5.74,-237.46,219.18,0.0,133.54,13.88,-306.9,302.44,0.0,116.97,5.74,-326.32,253.34,0.0,124.61,3.22,-326.58,369.4,0.0,122.96,22.76,-290.33,225.48,0.0,180.38,-39.65,-334.45,409.21,0.0,194.68,-13.05,-491.65,464.91,0.0,149.34,1.38,-336.93,392.2,0.0,142.88,-9.56,-449.52,354.53,0.0,122.09,-12.22,-307.64,341.0,0.0,133.41,-15.69,-420.13,314.55,07
128,0.0,64.93,16.92,-213.79,85.29,0.0,89.46,5.32,-201.76,208.62,0.0,123.29,-13.0,-196.19,372.17,0.0,119.56,15.38,-338.21,247.32,0.0,140.5,15.5,-386.26,273.63,0.0,134.02,15.66,-487.16,259.48,0.0,167.71,12.91,-467.29,453.11,0.0,141.26,-9.16,-290.48,342.24,0.0,124.19,-17.17,-326.33,357.25,0.0,130.3,6.72,-315.33,297.94,0.0,179.67,8.2,-663.29,373.71,0.0,137.24,6.47,-328.49,330.08,08
129,0.0,46.57,13.36,-142.5,84.75,0.0,65.38,4.39,-193.2,112.22,0.0,108.9,11.83,-258.97,362.38,0.0,128.69,17.96,-286.8,290.09,0.0,129.94,12.42,-379.54,351.19,0.0,169.34,27.5,-382.2,346.19,0.0,119.96,-2.88,-254.29,348.18,0.0,144.67,-5.52,-279.21,369.16,0.0,181.77,-4.5,-359.65,426.49,0.0,180.32,10.55,-458.06,397.65,0.0,142.33,4.95,-447.06,402.92,0.0,150.23,2.39,-352.06,399.03,01
130,0.0,58.57,17.52,-150.88,78.75,0.0,72.87,9.98,-209.59,149.64,0.0,117.47,2.11,-230.9,339.8,0.0,128.55,-23.2,-241.16,313.44,0.0,115.56,5.14,-285.34,289.36,0.0,125.08,1.99,-333.35,326.19,0.0,113.14,-8.03,-296.54,345.05,0.0,146.16,6.67,-388.12,324.33,0.0,158.12,-8.8,-453.69,364.12,0.0,138.01,37.33,-443.42,292.14,0.0,115.67,9.79,-280.34,258.31,0.0,124.49,7.95,-282.76,399.93,02
131,0.0,53.8,4.64,-161.22,74.01,0.0,68.85,13.34,-235.86,121.55,0.0,119.69,5.72,-229.05,264.82,0.0,129.68,-16.27,-333.36,246.28,0.0,147.59,-15.62,-357.54,418.61,0.0,176.64,47.51,-364.59,345.96,0.0,124.64,-10.02,-241.3,295.77,0.0,159.97,11.86,-426.59,389.81,0.0,155.56,-2.22,-306.96,377.82,0.0,139.67,13.27,-490.28,300.94,0.0,135.4,-6.38,-393.74,313.78,0.0,131.44,7.87,-384.0,323.37,03
132,0.0,61.42,18.59,-194.33,84.63,0.0,80.8,7.26,-186.15,149.46,0.0,133.14,-5.46,-341.36,345.78,0.0,136.1,22.57,-415.04,269.7,0.0,126.74,8.0,-313.1,264.25,0.0,181.89,15.57,-478.86,398.91,0.0,124.0,-2.88,-258.14,339.35,0.0,148.26,-15.13,-362.32,421.56,0.0,147.06,-24.3,-351.18,362.22,0.0,140.15,17.01,-358.96,291.54,0.0,133.19,3.98,-362.58,343.1,0.0,136.61,-2.7,-357.17,354.03,04
133,0.0,42.43,5.92,-104.2,85.7,0.0,83.17,25.16,-196.09,157.45,0.0,79.75,8.8,-199.39,194.26,0.0,160.6,26.19,-358.85,249.32,0.0,122.35,-5.15,-366.61,285.47,0.0,160.1,7.36,-380.36,330.71,0.0,111.62,-6.29,-273.37,273.33,0.0,141.13,-14.1,-277.87,559.29,0.0,143.6,8.47,-342.47,330.42,0.0,117.4,6.65,-304.18,307.68,0.0,142.0,-3.83,-273.45,406.58,0.0,150.64,-11.59,-321.0,383.22,05
134,0.0,63.5,6.67,-172.08,117.31,0.0,97.79,2.37,-223.21,196.56,0.0,123.86,7.16,-320.39,300.78,0.0,146.12,39.09,-488.57,215.32,0.0,138.11,2.08,-510.63,320.72,0.0,160.09,-8.82,-446.92,312.12,0.0,141.84,35.88,-370.56,293.89,0.0,161.4,13.44,-394.06,312.61,0.0,150.68,-5.9,-308.35,367.96,0.0,160.19,-1.12,-413.6,297.19,0.0,134.88,16.6,-489.7,309.91,0.0,126.94,6.68,-449.7,271.24,06
135,0.0,58.26,12.15,-173.61,94.49,0.0,93.63,9.62,-205.34,169.73,0.0,105.95,-1.65,-226.19,218.32,0.0,147.95,8.95,-271.92,273.24,0.0,138.55,7.3,-329.33,302.74,0.0,175.56,-4.17,-451.41,329.73,0.0,139.96,20.39,-303.32,292.38,0.0,154.94,0.98,-411.99,346.86,0.0,140.47,14.02,-375.3,293.11,0.0,110.71,25.01,-212.13,208.1,0.0,126.4,16.59,-339.44,283.86,0.0,145.02,3.93,-508.45,275.66,07
136,0.0,65.92,8.24,-161.22,101.4,0.0,81.71,11.39,-160.78,186.68,0.0,106.67,-11.14,-238.5,284.08,0.0,115.75,5.0,-295.46,282.93,0.0,135.32,1.11,-329.5,345.96,0.0,120.92,1.15,-240.47,266.86,0.0,125.46,4.91,-311.35,301.71,0.0,150.99,15.43,-460.2,349.6,0.0,124.81,6.72,-387.35,305.19,0.0,113.5,12.98,-275.71,283.23,0.0,148.73,-18.08,-426.31,427.75,0.0,144.63,-3.02,-320.45,305.59,08
137,0.0,51.2,10.64,-192.69,61.56,0.0,79.03,9.16,-238.68,153.67,0.0,115.37,-12.77,-241.85,319.05,0.0,110.97,-2.72,-263.89,245.88,0.0,102.62,11.23,-242.96,222.91,0.0,177.86,20.1,-389.33,374.91,0.0,119.86,-6.32,-314.09,311.95,0.0,115.69,2.52,-422.4,319.9,0.0,130.86,14.53,-320.37,310.43,0.0,135.79,-14.61,-271.51,364.76,0.0,114.99,-2.97,-281.2,237.97,0.0,136.95,8.89,-324.68,351.88,01
138,0.0,55.85,15.11,-197.87,78.65,0.0,99.98,21.62,-275.85,163.47,0.0,114.53,-23.1,-237.96,351.3,0.0,110.85,5.82,-240.88,277.3,0.0,104.54,-7.46,-226.01,222.48,0.0,184.16,21.76,-410.38,395.82,0.0,141.26,0.78,-356.34,298.53,0.0,140.57,-19.38,-262.13,366.7,0.0,137.73,-11.59,-402.92,403.74,0.0,135.46,14.17,-458.29,324.23,0.0,131.94,-4.05,-356.24,347.98,0.0,109.73,11.12,-282.45,246.89,02
139,0.0,47.44,7.0,-166.22,74.16,0.0,85.96,16.17,-208.66,193.23,0.0,126.55,-0.14,-323.27,312.63,0.0,113.37,-5.31,-258.99,302.63,0.0,105.21,-0.92,-275.41,226.61,0.0,187.81,2.39,-473.56,399.67,0.0,146.58,5.46,-339.56,326.02,0.0,143.12,2.2,-381.39,468.2,0.0,149.4,-4.27,-436.96,383.84,0.0,142.13,-11.68,-262.13,341.8,0.0,145.1,-12.18,-366.33,342.04,0.0,138.99,-2.17,-282.55,443.8,03
140,0.0,56.78,15.34,-157.15,73.08,0.0,82.04,21.19,-252.42,187.44,0.0,104.18,-22.04,-248.44,263.57,0.0,114.57,-5.44,-265.59,309.21,0.0,121.43,-33.92,-239.06,405.12,0.0,152.87,-0.52,-395.28,331.17,0.0,167.78,10.8,-487.81,336.56,0.0,165.63,-28.65,-256.43,488.83,0.0,119.58,-13.0,-288.66,300.18,0.0,139.88,7.98,-412.77,289.11,0.0,147.59,-10.9,-283.88,254.29,0.0,116.75,-2.92,-332.82,298.94,04
141,0.0,66.53,24.14,-165.94,88.41,0.0,89.59,3.08,-193.37,214.21,0.0,132.53,-19.09,-255.69,340.14,0.0,123.3,22.73,-261.58,317.08,0.0,114.13,3.53,-236.73,313.78,0.0,198.77,2.57,-486.56,373.24,0.0,170.21,-7.84,-415.25,494.97,0.0,196.2,-30.85,-431.33,563.68,0.0,174.61,3.47,-575.53,416.78,0.0,142.19,9.25,-413.49,339.47,0.0,177.39,-9.28,-350.14,355.34,0.0,128.74,-12.4,-240.85,375.0,05
142,0.0,57.08,16.4,-184.97,80.29,0.0,64.62,-0.65,-178.3,190.4,0.0,126.33,-6.56,-243.12,266.58,0.0,142.54,11.18,-374.62,385.54,0.0,141.14,5.33,-305.85,292.1,0.0,183.71,36.23,-425.05,308.17,0.0,171.45,-2.48,-370.39,380.25,0.0,122.08,-6.03,-311.28,289.26,0.0,152.56,-9.75,-413.84,366.6,0.0,124.15,-4.91,-225.38,378.52,0.0,147.2,3.74,-393.52,362.81,0.0,145.13,-15.84,-366.95,295.41,06
143,0.0,71.43,6.75,-129.84,120.53,0.0,67.73,-4.4,-231.97,151.74,0.0,126.56,17.66,-245.65,252.49,0.0,127.8,23.45,-341.16,191.23,0.0,92.45,-1.72,-272.02,176.11,0.0,156.65,11.95,-410.63,338.68,0.0,165.48,-35.16,-337.63,476.7,0.0,120.11,4.41,-334.01,250.8,0.0,104.08,-2.72,-245.13,350.92,0.0,99.88,-8.91,-201.47,307.38,0.0,118.62,5.97,-265.41,298.14,0.0,125.54,6.34,-301.19,372.26,07
144,0.0,52.31,10.05,-184.85,88.76,0.0,83.06,15.15,-283.83,118.83,0.0,121.33,-13.61,-264.33,244.29,0.0,119.03,4.84,-298.02,200.02,0.0,114.22,0.58,-335.45,259.91,0.0,195.7,13.61,-417.4,393.79,0.0,190.35,-21.36,-433.41,508.36,0.0,150.46,2.19,-412.44,287.95,0.0,145.36,20.43,-390.47,327.0,0.0,113.23,1.08,-295.28,272.34,0.0,164.1,-0.13,-408.66,330.05,0.0,118.16,6.38,-289.95,365.23,08
145,0.0,43.68,12.35,-144.46,70.66,0.0,86.32,-7.71,-174.57,197.68,0.0,102.19,-14.63,-189.61,408.87,0.0,113.91,5.41,-259.36,245.38,0.0,152.42,2.95,-351.43,350.39,0.0,123.98,5.34,-291.6,241.26,0.0,117.74,-10.28,-256.27,404.19,0.0,142.49,-3.81,-408.65,299.93,0.0,159.56,4.91,-460.61,326.22,0.0,164.4,-3.75,-445.43,386.4,0.0,127.6,7.26,-300.69,297.39,0.0,152.41,-3.33,-471.06,354.8,01
146,0.0,44.86,10.25,-134.02,60.05,0.0,82.54,3.25,-211.27,157.7,0.0,64.78,-8.98,-124.64,206.65,0.0,86.93,3.75,-203.13,183.44,0.0,106.68,-7.09,-243.45,230.31,0.0,116.3,0.3,-262.72,302.91,0.0,129.34,4.57,-420.16,289.03,0.0,143.98,8.77,-389.09,295.58,0.0,135.99,13.99,-364.97,360.89,0.0,148.0,1.64,-453.21,384.26,0.0,131.17,7.5,-331.76,287.84,0.0,159.65,-29.93,-339.56,430.95,02
147,0.0,38.78,9.8,-103.17,56.6,0.0,59.86,11.3,-173.03,130.73,0.0,72.8,-13.89,-151.76,209.52,0.0,114.28,-5.8,-239.47,199.14,0.0,129.67,8.93,-240.61,255.37,0.0,227.61,-23.29,-449.53,416.89,0.0,150.94,-25.5,-322.13,328.13,0.0,156.61,25.66,-370.87,373.87,0.0,164.29,8.89,-433.94,379.41,0.0,130.18,-4.22,-301.48,521.4,0.0,159.81,-2.84,-345.91,381.2,0.0,132.92,20.51,-347.95,342.75,03
148,0.0,50.49,14.4,-155.07,90.05,0.0,85.84,-13.64,-174.85,197.93,0.0,81.58,-9.24,-132.98,295.87,0.0,120.28,7.18,-254.22,194.67,0.0,136.39,4.77,-313.58,260.73,0.0,132.01,-2.15,-311.03,293.06,0.0,135.48,9.57,-341.44,269.71,0.0,172.38,10.9,-322.73,341.19,0.0,125.1,-3.74,-345.22,259.05,0.0,181.61,12.19,-402.08,381.51,0.0,121.55,-2.07,-360.0,266.65,0.0,168.34,15.06,-409.16,345.16,04
149,0.0,65.02,22.07,-203.06,96.9,0.0,76.86,-13.54,-135.69,211.87,0.0,145.86,-12.41,-359.72,355.59,0.0,135.74,-12.53,-251.83,311.77,0.0,161.79,14.69,-427.92,289.34,0.0,168.68,10.1,-453.21,367.32,0.0,145.89,27.74,-458.01,251.11,0.0,231.4,-44.39,-409.0,579.43,0.0,179.28,-9.68,-462.57,380.28,0.0,142.05,21.1,-313.53,317.59,0.0,148.49,3.98,-341.14,324.68,0.0,161.94,-13.47,-381.98,421.71,05
150,0.0,46.55,6.28,-180.6,63.81,0.0,97.43,-0.94,-175.56,194.13,0.0,100.73,-4.25,-273.14,242.37,0.0,98.26,-7.19,-247.34,236.09,0.0,131.45,-1.15,-290.83,313.9,0.0,185.01,0.05,-455.19,522.37,0.0,137.07,-9.16,-287.23,319.59,0.0,193.23,-11.62,-527.6,397.85,0.0,167.78,-9.85,-350.91,405.32,0.0,184.33,-2.9,-394.35,469.53,0.0,150.45,0.72,-337.4,368.92,0.0,153.52,2.68,-388.59,380.73,06
151,0.0,57.56,6.38,-105.43,106.77,0.0,102.56,-23.68,-236.72,225.7,0.0,111.54,12.88,-219.07,292.71,0.0,116.06,-13.29,-232.43,312.13,0.0,103.07,-0.98,-357.27,321.57,0.0,168.21,27.68,-343.57,410.65,0.0,125.75,7.58,-374.52,248.05,0.0,207.28,5.82,-449.12,387.29,0.0,166.58,35.88,-545.28,286.13,0.0,129.4,7.75,-363.7,252.87,0.0,143.43,10.52,-350.89,316.98,0.0,168.58,-8.77,-364.82,437.83,07
152,0.0,49.66,14.62,-184.07,65.94,0.0,90.98,-9.13,-180.26,213.54,0.0,131.75,-1.1,-234.73,484.33,0.0,104.53,1.7,-202.97,231.79,0.0,130.33,-1.74,-287.37,372.97,0.0,157.55,15.84,-431.41,292.88,0.0,137.81,18.03,-315.07,361.33,0.0,164.35,-28.22,-391.77,344.6,0.0,192.27,-20.67,-363.02,509.09,0.0,154.96,7.78,-536.36,390.57,0.0,104.53,-1.27,-259.58,254.43,0.0,154.91,-12.38,-268.66,379.16,08
153,0.0,57.5,8.32,-195.79,91.51,0.0,98.86,3.3,-263.61,225.0,0.0,109.18,11.15,-267.71,270.85,0.0,108.33,-5.38,-275.64,243.71,0.0,124.98,2.69,-339.41,381.33,0.0,147.13,17.28,-466.82,424.82,0.0,145.76,0.99,-354.83,322.99,0.0,147.83,-3.53,-440.55,340.58,0.0,143.15,6.18,-311.52,444.92,0.0,157.49,-6.01,-323.15,378.54,0.0,121.34,1.64,-326.66,344.35,0.0,157.13,26.47,-387.24,309.92,01
154,0.0,55.07,15.67,-157.78,73.07,0.0,101.76,9.02,-277.59,192.69,0.0,87.7,12.63,-272.32,245.05,0.0,101.88,2.82,-258.02,217.42,0.0,100.73,-5.65,-241.15,314.74,0.0,124.89,-10.71,-282.74,320.35,0.0,144.7,-1.53,-367.14,279.71,0.0,142.55,9.18,-385.72,286.41,0.0,125.44,11.01,-379.64,282.18,0.0,125.9,-1.42,-354.49,328.11,0.0,119.63,20.14,-374.85,214.26,0.0,107.01,11.26,-261.29,265.86,02
155,0.0,51.83,17.14,-184.15,83.01,0.0,76.89,-14.67,-149.71,224.33,0.0,98.89,1.83,-224.61,182.9,0.0,122.41,-7.85,-227.52,266.68,0.0,139.26,26.86,-347.67,289.59,0.0,128.42,-9.6,-269.65,278.76,0.0,160.71,-9.46,-391.98,421.31,0.0,246.76,-43.94,-630.78,514.85,0.0,118.24,3.78,-350.92,299.62,0.0,140.67,12.62,-420.12,369.39,0.0,134.81,-3.58,-307.55,388.42,0.0,160.53,5.66,-523.14,324.16,03
156,0.0,54.43,17.49,-131.12,81.45,0.0,94.88,10.62,-235.1,184.24,0.0,82.87,-3.08,-176.11,246.27,0.0,105.22,-3.39,-195.06,298.01,0.0,99.06,-1.39,-234.49,242.43,0.0,119.97,3.09,-267.21,269.4,0.0,136.59,-1.57,-360.0,253.47,0.0,141.26,25.34,-430.85,321.23,0.0,157.99,17.87,-450.39,446.18,0.0,127.28,8.46,-320.05,266.05,0.0,146.71,6.98,-295.49,428.58,0.0,129.51,-7.8,-315.13,265.5,04
157,0.0,55.1,17.28,-138.06,67.06,0.0,85.78,9.47,-234.97,144.84,0.0,107.13,-0.42,-199.24,313.28,0.0,133.64,-6.77,-303.35,273.97,0.0,101.46,5.25,-310.22,256.25,0.0,121.06,-4.35,-277.56,333.55,0.0,145.78,-19.74,-344.44,322.56,0.0,187.52,-7.08,-436.75,412.14,0.0,139.88,6.62,-291.26,351.28,0.0,112.87,-5.63,-310.36,273.23,0.0,134.7,8.2,-343.81,355.7,0.0,168.78,-3.27,-468.7,281.64,05
158,0.0,81.56,-12.66,-127.1,129.11,0.0,98.67,31.53,-223.69,181.29,0.0,82.51,-8.07,-203.61,172.16,0.0,90.4,17.9,-243.2,165.64,0.0,111.19,5.09,-224.87,279.22,0.0,156.75,31.65,-400.99,271.4,0.0,109.14,5.28,-281.92,352.16,0.0,159.3,-17.6,-374.4,369.27,0.0,127.94,-4.76,-286.71,286.91,0.0,115.47,13.52,-315.44,274.34,0.0,153.76,-15.26,-331.01,401.1,0.0,139.02,23.6,-399.86,256.61,06
159,0.0,63.46,15.23,-187.74,92.41,0.0,90.48,-5.01,-249.45,203.04,0.0,113.38,29.1,-222.85,226.24,0.0,118.89,9.32,-270.34,259.47,0.0,95.12,9.27,-308.41,197.45,0.0,147.88,-3.99,-314.34,374.44,0.0,170.06,-29.66,-314.93,425.72,0.0,175.32,-1.82,-397.14,402.6,0.0,116.11,7.61,-248.61,233.27,0.0,120.87,3.21,-398.7,295.43,0.0,158.97,6.31,-314.87,334.16,0.0,135.79,7.32,-362.36,321.39,07
160,0.0,60.7,13.96,-187.4,83.2,0.0,79.25,10.62,-175.76,190.78,0.0,126.95,4.56,-315.53,291.48,0.0,119.95,2.17,-303.76,286.12,0.0,134.81,-5.46,-265.37,277.77,0.0,138.15,1.43,-326.53,322.46,0.0,151.94,-4.87,-254.78,576.38,0.0,150.86,1.74,-366.77,383.7,0.0,144.32,4.44,-639.16,321.36,0.0,137.6,-0.26,-314.01,323.09,0.0,135.83,-8.58,-323.68,284.07,0.0,143.06,15.35,-332.39,289.79,08
161,0.0,62.49,18.0,-174.6,97.36,0.0,75.23,12.69,-201.99,142.94,0.0,111.04,10.93,-284.0,296.56,0.0,100.05,13.25,-314.14,257.18,0.0,119.84,-1.84,-214.18,368.83,0.0,160.07,-3.59,-363.98,329.13,0.0,125.17,8.96,-298.59,290.37,0.0,149.24,-8.48,-289.04,382.27,0.0,126.61,3.08,-331.76,270.34,0.0,145.56,9.02,-410.43,338.62,0.0,147.64,-6.42,-326.92,435.95,0.0,106.19,-11.58,-354.12,356.76,01
162,0.0,65.56,12.11,-171.49,101.21,0.0,84.1,14.98,-257.72,115.39,0.0,114.99,0.13,-226.0,332.94,0.0,120.8,19.69,-313.63,237.38,0.0,115.27,-8.58,-244.45,267.25,0.0,141.26,28.28,-365.96,304.94,0.0,188.08,9.53,-460.07,416.78,0.0,193.42,27.67,-568.46,381.58,0.0,156.86,1.3,-426.64,305.35,0.0,119.79,2.97,-321.68,257.6,0.0,116.1,5.1,-305.34,309.3,0.0,120.72,3.25,-304.79,271.76,02
163,0.0,60.18,19.97,-198.15,80.03,0.0,66.83,-5.47,-184.68,154.96,0.0,128.23,18.96,-293.93,333.69,0.0,120.29,-1.34,-229.66,237.46,0.0,100.26,-9.99,-266.2,205.93,0.0,164.97,-5.78,-399.25,304.58,0.0,165.04,46.1,-443.58,297.76,0.0,168.39,-10.88,-385.01,468.93,0.0,133.3,0.24,-287.69,280.88,0.0,164.12,20.11,-522.96,409.89,0.0,141.53,2.27,-350.41,295.75,0.0,124.24,13.16,-323.89,258.84,03
164,0.0,68.81,12.42,-173.96,110.74,0.0,103.54,12.24,-264.36,157.88,0.0,82.56,-21.98,-162.32,188.49,0.0,97.63,7.9,-330.18,322.97,0.0,106.82,-17.45,-252.56,259.84,0.0,153.28,33.76,-447.53,283.24,0.0,143.99,-20.94,-310.21,330.37,0.0,156.54,-3.65,-320.23,484.0,0.0,128.05,2.44,-357.26,371.23,0.0,105.49,2.37,-322.55,228.21,0.0,99.1,-3.17,-209.7,208.97,0.0,89.94,4.87,-250.07,201.3,04
165,0.0,63.6,8.52,-183.61,92.98,0.0,74.26,-14.44,-134.61,215.82,0.0,121.67,12.67,-287.88,302.28,0.0,117.76,3.27,-243.15,272.21,0.0,122.85,-15.59,-331.36,262.53,0.0,195.13,-6.92,-424.92,418.39,0.0,172.52,22.74,-429.02,370.32,0.0,205.71,-34.94,-378.74,565.54,0.0,164.52,-17.91,-369.36,498.89,0.0,138.5,18.8,-363.46,286.67,0.0,114.13,7.22,-408.81,219.49,0.0,157.47,-5.02,-343.86,362.38,05
166,0.0,67.85,31.39,-179.85,90.24,0.0,113.19,-11.21,-207.58,234.36,0.0,113.6,24.1,-239.69,280.08,0.0,117.65,4.95,-344.46,263.03,0.0,103.54,12.56,-219.59,265.87,0.0,175.75,25.42,-546.28,314.55,0.0,188.42,-8.91,-473.6,392.95,0.0,181.08,-30.38,-439.43,527.45,0.0,151.9,8.04,-419.94,359.9,0.0,125.68,7.59,-320.34,287.62,0.0,100.03,15.5,-249.48,230.6,0.0,168.94,3.83,-424.98,416.51,06
167,0.0,54.26,11.76,-173.88,96.52,0.0,115.61,-13.43,-195.21,197.07,0.0,130.83,21.73,-303.83,257.44,0.0,157.18,23.64,-395.54,272.35,0.0,115.99,24.69,-233.97,241.36,0.0,181.71,-18.99,-433.66,318.9,0.0,138.88,12.65,-416.6,276.78,0.0,179.55,-28.88,-304.23,473.5,0.0,123.23,9.82,-329.62,358.93,0.0,143.06,15.83,-414.79,303.05,0.0,109.83,-7.05,-262.25,394.59,0.0,133.34,-7.56,-299.95,322.63,07
168,0.0,55.9,14.0,-156.47,94.18,0.0,101.56,-27.78,-166.96,251.66,0.0,140.74,26.46,-330.06,278.58,0.0,120.76,16.66,-310.39,250.05,0.0,99.01,6.83,-260.41,275.46,0.0,155.68,-9.9,-445.21,357.44,0.0,173.33,18.03,-493.23,412.75,0.0,228.83,-19.6,-550.43,717.4,0.0,159.62,22.49,-459.29,436.5,0.0,136.91,12.82,-274.67,313.24,0.0,160.03,14.51,-361.58,361.79,0.0,148.96,-18.05,-387.13,432.29,08
169,0.0,59.38,22.82,-166.01,79.24,0.0,84.88,-5.97,-200.06,214.79,0.0,100.78,0.27,-178.81,306.79,0.0,152.53,21.78,-376.03,298.85,0.0,113.54,-0.42,-225.11,321.61,0.0,152.53,13.67,-388.74,312.37,0.0,163.0,0.8,-342.3,317.14,0.0,179.77,15.03,-414.61,355.59,0.0,121.14,-4.99,-277.62,285.37,0.0,139.68,18.98,-453.05,317.09,0.0,165.61,37.12,-501.75,282.81,0.0,153.5,-2.54,-322.46,385.32,01
170,0.0,54.77,19.64,-130.03,68.21,0.0,102.44,9.58,-255.34,202.77,0.0,101.0,-3.51,-235.27,272.05,0.0,164.45,33.75,-400.39,319.01,0.0,130.79,-12.82,-306.76,342.27,0.0,153.27,3.95,-343.1,350.99,0.0,171.29,22.71,-414.5,285.17,0.0,157.18,15.28,-401.32,344.29,0.0,129.11,3.43,-344.38,268.84,0.0,134.45,-2.11,-289.49,316.96,0.0,167.77,15.45,-400.39,438.82,0.0,149.63,20.07,-364.19,303.99,02
171,0.0,64.39,21.48,-172.03,85.27,0.0,86.34,5.63,-235.93,167.82,0.0,127.57,-7.58,-262.68,290.73,0.0,129.42,-4.88,-310.69,300.86,0.0,117.28,-0.13,-307.94,260.79,0.0,148.99,28.5,-392.51,358.4,0.0,163.83,-10.0,-360.48,381.03,0.0,190.49,14.17,-455.54,328.9,0.0,154.63,6.22,-341.94,458.97,0.0,142.46,-16.96,-278.76,367.78,0.0,174.72,5.22,-509.28,402.06,0.0,155.34,8.6,-309.55,446.56,03
172,0.0,51.9,11.11,-186.82,67.85,0.0,73.36,4.68,-217.4,175.01,0.0,95.91,-4.92,-231.5,328.73,0.0,145.15,14.12,-305.91,288.4,0.0,93.87,-1.28,-250.35,200.55,0.0,176.8,18.07,-442.15,327.75,0.0,172.42,-28.03,-371.6,378.59,0.0,156.52,-2.91,-353.11,369.76,0.0,113.94,2.38,-307.12,242.81,0.0,131.78,-31.75,-350.14,274.83,0.0,198.64,44.83,-472.92,400.2,0.0,160.17,15.48,-470.34,335.53,04
173,0.0,69.65,23.71,-184.62,92.67,0.0,91.44,-8.21,-182.11,226.35,0.0,116.82,-7.9,-262.74,304.22,0.0,158.09,0.92,-333.93,307.93,0.0,132.83,14.53,-302.32,280.59,0.0,143.71,14.16,-326.39,332.94,0.0,214.65,28.19,-561.12,371.9,0.0,112.51,12.7,-280.63,352.84,0.0,157.45,-1.52,-442.33,370.33,0.0,137.59,0.88,-367.57,357.92,0.0,174.86,15.87,-462.42,359.52,0.0,143.7,10.05,-370.37,362.98,05
174,0.0,58.93,20.97,-178.41,72.38,0.0,79.85,1.09,-185.95,189.15,0.0,129.38,-3.98,-306.04,357.25,0.0,140.66,11.44,-341.55,276.25,0.0,116.46,-12.5,-251.86,303.42,0.0,115.94,9.6,-352.28,276.98,0.0,192.23,-10.62,-372.02,379.91,0.0,183.69,4.8,-448.87,468.88,0.0,137.9,3.43,-378.05,298.47,0.0,127.84,5.96,-394.34,265.61,0.0,183.03,34.37,-452.14,369.02,0.0,143.2,0.65,-319.36,314.5,06
175,0.0,66.71,23.15,-190.64,85.9,0.0,80.24,1.87,-184.79,196.64,0.0,120.76,4.92,-254.88,281.07,0.0,113.07,-3.02,-261.75,232.85,0.0,120.43,15.48,-302.99,198.03,0.0,156.01,2.15,-386.18,493.19,0.0,202.86,19.14,-452.35,454.71,0.0,168.41,-2.89,-338.62,377.8,0.0,132.96,-11.02,-317.87,391.96,0.0,140.5,1.79,-575.58,336.09,0.0,158.76,3.22,-444.49,391.98,0.0,169.29,26.24,-462.39,466.21,07
176,0.0,76.17,7.94,-142.13,115.38,0.0,88.0,3.96,-212.49,211.73,0.0,117.89,12.04,-238.26,281.19,0.0,140.56,-9.59,-264.78,287.06,0.0,135.93,16.84,-383.67,314.46,0.0,165.36,-7.94,-402.63,335.31,0.0,159.62,-9.59,-424.45,355.26,0.0,152.93,-15.35,-368.17,315.32,0.0,136.93,-17.34,-346.98,449.11,0.0,143.02,8.97,-438.07,319.33,0.0,169.59,15.51,-396.69,390.85,0.0,158.21,-1.17,-336.74,307.13,08
177,0.0,63.75,25.47,-189.91,71.76,0.0,98.9,-2.21,-306.52,183.18,0.0,112.07,-10.79,-205.45,373.55,0.0,102.22,13.85,-242.32,232.9,0.0,171.45,-43.99,-331.61,400.17,0.0,152.67,21.56,-339.19,260.29,0.0,145.24,27.65,-401.09,251.04,0.0,127.81,-9.48,-320.92,313.38,0.0,153.85,-17.24,-298.86,521.91,0.0,119.12,-12.22,-243.56,275.03,0.0,127.41,12.22,-357.96,266.7,0.0,151.09,-13.51,-338.24,369.88,01
178,0.0,67.78,18.43,-155.6,111.56,0.0,86.26,12.97,-247.18,151.64,0.0,98.21,-2.18,-191.88,346.34,0.0,116.9,36.63,-278.21,170.95,0.0,121.29,-20.37,-228.64,309.67,0.0,171.67,13.05,-372.7,271.86,0.0,112.36,4.84,-318.36,227.47,0.0,140.58,24.65,-391.76,248.25,0.0,155.48,-0.56,-421.97,387.0,0.0,114.47,-3.45,-333.46,257.72,0.0,102.09,5.99,-365.67,227.45,0.0,128.49,0.1,-424.5,371.31,02
179,0.0,55.0,20.47,-203.97,61.16,0.0,69.44,4.29,-171.71,157.55,0.0,105.68,-8.4,-236.41,294.27,0.0,159.34,-4.23,-375.71,318.98,0.0,139.74,34.61,-273.61,322.74,0.0,145.35,10.61,-370.19,267.58,0.0,126.8,-6.72,-363.79,351.34,0.0,153.82,14.48,-373.97,330.76,0.0,159.65,17.76,-459.22,435.51,0.0,126.41,-2.1,-396.91,360.97,0.0,139.11,9.24,-291.84,400.61,0.0,141.17,-11.31,-406.39,386.57,03
180,0.0,61.63,23.42,-173.65,107.6,0.0,77.24,-6.76,-228.84,215.74,0.0,153.61,-13.1,-244.14,468.32,0.0,109.66,32.09,-265.42,201.21,0.0,132.42,-18.49,-271.71,334.7,0.0,170.77,-4.87,-353.56,429.88,0.0,117.77,-9.31,-352.34,420.16,0.0,141.16,-5.44,-293.44,340.13,0.0,147.35,5.08,-361.54,335.02,0.0,127.92,-3.55,-249.55,350.56,0.0,105.1,1.36,-279.05,226.96,0.0,117.89,-4.47,-275.18,320.7,04
181,0.0,56.78,12.6,-181.93,71.84,0.0,72.11,1.87,-137.4,148.93,0.0,106.93,-13.9,-211.31,245.5,0.0,125.81,18.73,-340.25,228.02,0.0,150.37,23.22,-362.86,313.67,0.0,129.48,10.45,-322.07,298.73,0.0,149.27,-26.51,-329.36,301.19,0.0,162.76,7.55,-390.2,344.97,0.0,178.82,-23.46,-396.62,547.69,0.0,120.35,8.06,-314.02,284.98,0.0,135.61,5.48,-390.36,282.44,0.0,135.6,6.57,-381.19,387.81,05
182,0.0,70.15,20.42,-177.65,95.61,0.0,78.54,-12.04,-152.14,185.24,0.0,117.69,16.72,-245.02,290.63,0.0,134.29,6.36,-354.44,247.25,0.0,134.14,-7.84,-263.2,300.25,0.0,138.67,-28.28,-262.78,295.34,0.0,151.11,22.32,-321.64,390.12,0.0,167.78,27.66,-391.25,345.66,0.0,139.95,1.56,-319.8,359.85,0.0,113.61,-6.01,-299.73,329.45,0.0,121.41,12.96,-441.64,305.95,0.0,127.35,-0.01,-353.94,306.8,06
183,0.0,64.68,15.87,-140.32,105.67,0.0,76.99,10.32,-217.23,172.36,0.0,115.82,-2.61,-268.22,214.86,0.0,122.31,0.95,-313.85,288.62,0.0,132.69,-11.97,-306.4,383.59,0.0,142.13,14.33,-378.55,280.85,0.0,150.84,31.94,-431.17,317.79,0.0,133.3,2.25,-309.38,266.51,0.0,154.45,13.9,-448.89,420.75,0.0,145.32,8.63,-370.75,401.41,0.0,135.38,3.75,-390.76,283.79,0.0,157.01,-1.08,-296.87,479.91,07
184,0.0,54.24,13.04,-188.75,75.66,0.0,67.29,-3.49,-128.51,162.42,0.0,116.51,-11.26,-306.81,371.73,0.0,131.87,-2.34,-411.13,299.15,0.0,165.48,51.68,-363.42,288.45,0.0,141.11,-0.56,-329.33,360.88,0.0,141.51,-13.16,-399.87,334.07,0.0,164.55,7.06,-434.88,346.2,0.0,123.02,-9.53,-304.73,288.61,0.0,122.17,-8.85,-320.87,297.18,0.0,108.14,2.88,-276.07,230.36,0.0,164.71,-15.87,-370.55,345.59,08
185,0.0,53.5,17.79,-155.22,69.34,0.0,103.14,18.62,-242.87,221.22,0.0,111.87,-10.41,-251.44,330.06,0.0,134.79,13.51,-373.48,249.71,0.0,100.78,4.31,-303.86,244.79,0.0,176.34,15.46,-484.69,444.52,0.0,156.46,14.72,-437.53,383.05,0.0,139.05,-29.33,-275.28,318.9,0.0,153.64,37.84,-473.11,261.39,0.0,107.01,10.83,-274.26,297.86,0.0,171.48,-34.04,-352.11,409.26,0.0,142.67,0.3,-333.54,288.23,01
186,0.0,60.28,17.34,-196.99,70.88,0.0,86.96,14.93,-257.23,179.71,0.0,105.38,-35.24,-165.07,308.51,0.0,145.4,1.74,-254.71,261.8,0.0,107.46,2.07,-229.76,283.28,0.0,168.32,16.01,-523.48,298.07,0.0,146.9,-14.43,-304.86,313.03,0.0,134.36,3.25,-353.43,272.89,0.0,131.28,-17.01,-303.09,345.93,0.0,106.64,0.0,-264.59,222.22,0.0,157.0,-12.15,-341.84,437.57,0.0,109.04,-2.62,-302.05,252.5,02
187,0.0,63.77,25.71,-152.49,81.45,0.0,101.95,14.27,-225.66,191.09,0.0,109.84,-5.2,-243.89,328.98,0.0,132.35,4.68,-328.09,322.7,0.0,138.81,-2.13,-310.08,319.99,0.0,148.91,5.17,-470.71,316.6,0.0,164.82,4.95,-403.37,340.16,0.0,173.02,-4.85,-333.25,500.61,0.0,137.22,-0.6,-376.08,307.37,0.0,142.36,18.06,-265.95,347.89,0.0,139.94,21.19,-383.91,359.56,0.0,122.46,13.57,-305.46,304.24,03
188,0.0,47.42,14.15,-106.54,83.3,0.0,88.63,24.23,-227.55,134.32,0.0,87.05,2.16,-234.72,212.22,0.0,148.59,5.67,-526.8,267.9,0.0,134.2,-11.85,-278.46,266.77,0.0,171.16,14.66,-437.39,345.02,0.0,166.73,4.8,-303.29,394.29,0.0,125.88,7.24,-249.18,366.99,0.0,127.5,0.58,-308.55,354.19,0.0,115.72,7.91,-274.23,258.53,0.0,132.07,-18.39,-266.57,340.94,0.0,115.81,-3.69,-253.64,267.72,04
189,0.0,58.0,17.97,-167.41,85.29,0.0,96.66,4.8,-231.15,252.56,0.0,105.35,-17.14,-247.11,301.53,0.0,151.8,-12.36,-329.36,306.57,0.0,114.24,-2.55,-271.51,252.93,0.0,193.5,27.82,-659.6,398.24,0.0,195.39,9.77,-430.94,409.05,0.0,143.6,-19.58,-295.56,370.51,0.0,218.9,59.55,-724.58,428.71,0.0,136.64,8.13,-299.14,285.39,0.0,191.83,-26.46,-427.77,532.89,0.0,134.13,3.83,-305.61,456.14,05
190,0.0,73.11,32.89,-187.48,98.52,0.0,88.25,-14.53,-202.55,202.93,0.0,103.86,9.75,-238.67,232.32,0.0,152.84,30.47,-327.64,272.16,0.0,130.06,20.14,-372.49,268.67,0.0,150.43,19.03,-485.76,302.72,0.0,152.47,23.37,-415.2,349.71,0.0,161.63,-31.95,-401.45,415.54,0.0,234.71,22.51,-687.68,438.16,0.0,137.25,-8.54,-293.08,296.78,0.0,170.79,-22.66,-363.66,527.52,0.0,137.93,16.68,-302.31,346.32,06
191,0.0,56.35,19.93,-189.33,78.71,0.0,72.67,5.61,-169.55,161.75,0.0,114.59,10.83,-295.53,313.49,0.0,159.32,-8.44,-329.62,401.59,0.0,136.93,17.74,-379.38,387.32,0.0,184.42,26.67,-449.44,335.39,0.0,194.45,-5.4,-543.48,407.11,0.0,133.62,7.99,-311.0,341.94,0.0,260.15,-46.41,-427.63,603.38,0.0,115.67,11.46,-350.24,247.04,0.0,156.17,-16.39,-307.58,369.04,0.0,177.65,29.13,-380.81,375.99,07
192,0.0,63.18,17.81,-217.22,97.15,0.0,82.71,16.08,-208.83,187.06,0.0,106.34,-1.61,-288.35,275.87,0.0,145.87,9.64,-377.14,333.13,0.0,115.73,-2.29,-281.15,322.16,0.0,167.29,17.35,-478.41,384.38,0.0,138.56,0.71,-389.03,358.9,0.0,144.09,-11.07,-350.23,340.21,0.0,144.49,13.36,-426.8,349.83,0.0,119.67,7.97,-284.62,292.64,0.0,128.54,6.76,-327.53,342.54,0.0,131.06,-0.55,-303.78,303.44,08
